DMA,Sector,Household,Non-household,,,
25,HD9 2,29,6,,,
65,BD17 5,846,6,,,
155,S73 0,106,6,,,
160,S12 2,543,6,,,
204,LS3 1,158,6,,,
218,BD20 9,474,6,,,
222,YO16 6,381,6,,,
232,S25 4,731,6,,,
246,HG1 3,188,6,,,
247,LS26 8,232,6,,,
255,WF6 1,654,6,,,
281,BD5 0,84,6,,,
344,S71 1,744,6,,,
371,WF9 4,172,6,,,
372,BD20 8,220,6,,,
419,S35 7,74,6,,,
441,HD4 7,336,6,,,
451,S8 0,55,6,,,
455,BD23 6,27,6,,,
489,YO8 8,97,6,,,
492,S66 7,43,6,,,
503,S5 9,501,6,,,
513,BD4 0,930,6,,,
561,DN2 6,650,6,,,
563,WF8 3,337,6,,,
565,YO32 4,212,6,,,
590,YO43 3,391,6,,,
641,YO42 1,28,6,,,
676,WF2 7,360,6,,,
749,WF4 6,345,6,,,
751,YO41 5,43,6,,,
753,YO7 1,29,6,,,
761,DN12 2,844,6,,,
775,S11 8,366,6,,,
840,HD3 4,556,6,,,
846,S35 0,538,6,,,
881,BD7 4,722,6,,,
924,YO12 6,22,6,,,
932,DN11 0,553,6,,,
933,HD8 0,182,6,,,
990,BD6 1,573,6,,,
992,BD19 6,65,6,,,
992,HD6 4,291,6,,,
1022,S26 4,222,6,,,
1085,YO18 8,23,6,,,
1117,BD5 9,665,6,,,
1132,HD7 5,187,6,,,
1173,LS18 4,96,6,,,
1177,LS25 7,1079,6,,,
1191,S36 8,190,6,,,
1213,YO32 2,755,6,,,
1213,YO32 3,508,6,,,
1228,LS13 2,854,6,,,
1246,LS22 4,186,6,,,
1378,HD8 8,31,6,,,
1390,S73 0,824,6,,,
1461,HD7 5,288,6,,,
1476,HD9 3,673,6,,,
1483,BD4 9,28,6,,,
1492,HD9 7,21,6,,,
1552,S74 0,369,6,,,
1568,LS15 8,20,6,,,
1570,HD3 4,104,6,,,
1579,LS27 8,428,6,,,
1703,S65 3,190,6,,,
1704,HD4 6,258,6,,,
1714,LS14 6,552,6,,,
1738,HU9 5,492,6,,,
1751,LS11 8,607,6,,,
1769,LS27 0,144,6,,,
1778,HX2 6,246,6,,,
1808,YO8 9,660,6,,,
1837,BD22 0,227,6,,,
1867,HD6 4,134,6,,,
1954,HD5 8,49,6,,,
1955,LS29 0,179,6,,,
2003,S36 4,33,6,,,
2062,S64 0,96,6,,,
2097,YO24 3,149,6,,,
2120,HG2 9,318,6,,,
2157,HX7 6,346,6,,,
2219,BD2 1,679,6,,,
2253,S60 3,818,6,,,
2283,DN11 0,736,6,,,
2314,LS17 7,34,6,,,
2314,LS17 9,191,6,,,
2320,S4 8,362,6,,,
2389,WF3 4,56,6,,,
1,LS8 1,55,7,,,
30,LS6 1,414,7,,,
33,WF14 9,320,7,,,
71,LS17 9,76,7,,,
118,BD6 1,232,7,,,
129,LS18 4,92,7,,,
167,BD10 0,29,7,,,
177,BD23 5,36,7,,,
227,WF5 0,93,7,,,
255,WF1 5,79,7,,,
317,S6 6,483,7,,,
320,WF9 1,281,7,,,
345,HD6 3,599,7,,,
358,S75 4,91,7,,,
384,HU17 9,440,7,,,
412,HX6 4,168,7,,,
424,LS16 7,1006,7,,,
431,WF17 7,23,7,,,
432,HU6 9,926,7,,,
464,S8 9,303,7,,,
470,S36 2,446,7,,,
496,LS6 1,118,7,,,
499,BD9 6,620,7,,,
506,WF1 2,541,7,,,
536,S70 3,217,7,,,
599,S75 2,541,7,,,
600,S65 2,718,7,,,
604,YO30 6,93,7,,,
622,S65 4,45,7,,,
630,YO12 7,188,7,,,
632,HX6 3,411,7,,,
636,LS7 2,437,7,,,
636,LS7 3,234,7,,,
682,HX5 0,97,7,,,
685,HD9 5,454,7,,,
719,WF17 7,33,7,,,
721,LS22 7,504,7,,,
738,YO8 9,593,7,,,
749,WF4 4,137,7,,,
798,HU12 9,30,7,,,
837,BD6 2,687,7,,,
900,OL14 6,51,7,,,
909,HD2 2,461,7,,,
910,YO61 3,27,7,,,
972,S73 8,853,7,,,
982,YO12 4,1007,7,,,
1037,LS8 4,348,7,,,
1087,LS25 6,1058,7,,,
1091,WF17 6,152,7,,,
1102,S65 4,53,7,,,
1112,S66 9,27,7,,,
1120,LS9 0,98,7,,,
1124,S5 7,615,7,,,
1178,LS16 6,341,7,,,
1197,S66 8,118,7,,,
1298,HD6 4,68,7,,,
1302,S10 3,627,7,,,
1323,WF9 5,30,7,,,
1324,LS13 1,86,7,,,
1324,LS13 2,118,7,,,
1341,LS9 7,69,7,,,
1410,BD2 4,403,7,,,
1485,YO61 2,21,7,,,
1487,HD3 3,186,7,,,
1492,HD9 1,40,7,,,
1498,WF10 5,245,7,,,
1544,LS17 0,157,7,,,
1560,LS7 2,226,7,,,
1569,HD9 3,212,7,,,
1572,LS17 5,181,7,,,
1580,S5 9,222,7,,,
1638,LS17 7,809,7,,,
1640,HD9 3,347,7,,,
1663,WF17 9,46,7,,,
1809,DL8 5,27,7,,,
1824,DL8 4,24,7,,,
1857,BD10 0,21,7,,,
1859,S62 7,70,7,,,
1870,BD21 2,271,7,,,
1895,YO42 1,68,7,,,
2039,LS11 0,146,7,,,
2047,S14 1,897,7,,,
2048,HD3 4,85,7,,,
2120,HG2 0,185,7,,,
2178,YO24 4,21,7,,,
2188,S8 8,465,7,,,
2208,DN12 2,216,7,,,
2269,S26 3,72,7,,,
2299,BD6 3,265,7,,,
2309,LS8 5,273,7,,,
2316,LS16 5,834,7,,,
2318,LS17 9,25,7,,,
2321,BD6 3,583,7,,,
29,BD18 3,279,8,,,
60,BD7 3,478,8,,,
66,BD8 0,1096,8,,,
104,LS4 2,258,8,,,
140,WF8 3,80,8,,,
178,LS16 6,376,8,,,
180,HD9 1,517,8,,,
238,S73 8,333,8,,,
258,LS12 6,47,8,,,
274,HD8 9,437,8,,,
339,YO62 4,23,8,,,
342,YO23 2,27,8,,,
358,S75 5,980,8,,,
370,S66 8,305,8,,,
433,WF16 0,257,8,,,
439,S66 8,53,8,,,
445,YO31 7,110,8,,,
492,DN12 2,24,8,,,
498,LS18 4,255,8,,,
531,BD17 5,492,8,,,
531,BD17 7,181,8,,,
556,WF14 9,905,8,,,
570,WF17 6,482,8,,,
600,S65 3,250,8,,,
607,OL14 8,501,8,,,
612,YO19 6,212,8,,,
639,LS29 8,95,8,,,
639,LS29 9,612,8,,,
647,S6 3,87,8,,,
683,HG3 5,37,8,,,
702,WF8 1,31,8,,,
731,LS14 3,190,8,,,
746,LS16 5,406,8,,,
748,LS25 1,103,8,,,
806,BD23 5,48,8,,,
814,BD2 1,105,8,,,
832,LS10 4,1484,8,,,
858,WF12 7,146,8,,,
867,LS7 1,376,8,,,
877,HU17 9,1143,8,,,
906,DN14 6,1131,8,,,
953,WF2 6,783,8,,,
980,YO26 5,1280,8,,,
1029,HU10 7,421,8,,,
1106,BD17 5,919,8,,,
1111,DN2 5,104,8,,,
1167,BD12 7,80,8,,,
1172,YO61 2,20,8,,,
1175,YO60 7,31,8,,,
1211,HX4 9,424,8,,,
1283,BD18 2,333,8,,,
1287,S2 3,95,8,,,
1295,LS7 2,26,8,,,
1336,LS21 2,35,8,,,
1343,HD7 5,83,8,,,
1349,DN12 4,130,8,,,
1366,YO14 9,497,8,,,
1368,LS14 1,1142,8,,,
1444,LS15 7,221,8,,,
1449,YO14 9,109,8,,,
1483,BD5 8,368,8,,,
1487,HD2 2,153,8,,,
1539,WF8 3,224,8,,,
1541,WF17 5,146,8,,,
1579,LS27 0,56,8,,,
1611,WF17 6,298,8,,,
1680,LS23 6,829,8,,,
1688,WF17 7,254,8,,,
1705,WF2 6,73,8,,,
1712,WF3 3,452,8,,,
1726,YO24 3,594,8,,,
1743,WF3 4,392,8,,,
1814,DN1 3,398,8,,,
1849,S75 1,394,8,,,
1850,LS15 7,461,8,,,
1862,BD16 1,421,8,,,
1868,YO21 1,23,8,,,
1870,BD22 6,521,8,,,
1885,LS27 0,219,8,,,
1904,LS16 7,703,8,,,
1920,YO22 4,108,8,,,
1933,LS6 4,447,8,,,
1956,HD3 4,246,8,,,
2020,BD18 2,367,8,,,
2064,S2 1,506,8,,,
2066,YO7 4,22,8,,,
2067,WF8 2,574,8,,,
2074,HD9 2,152,8,,,
2083,LS7 3,633,8,,,
2085,HD8 0,171,8,,,
2090,BD23 5,26,8,,,
2125,DL9 3,357,8,,,
2127,LS25 2,1063,8,,,
2152,HG3 4,168,8,,,
2159,HX4 9,127,8,,,
2162,LS17 5,480,8,,,
2204,DL7 8,636,8,,,
2209,LS29 6,44,8,,,
2213,LS12 3,710,8,,,
2250,HU5 1,45,8,,,
2282,LS11 7,695,8,,,
2312,DN3 3,97,8,,,
2336,HD9 2,91,8,,,
2340,S26 1,672,8,,,
2345,BD4 8,651,8,,,
26,DN6 7,439,9,,,
39,BD2 1,392,9,,,
55,HU17 7,370,9,,,
92,HU4 7,835,9,,,
153,BD20 5,589,9,,,
171,S8 0,257,9,,,
331,S26 2,780,9,,,
382,YO24 4,403,9,,,
383,HU15 2,41,9,,,
399,HD9 6,22,9,,,
402,OL14 5,474,9,,,
463,DN12 3,29,9,,,
483,BD9 6,355,9,,,
494,OL14 5,60,9,,,
506,WF3 3,312,9,,,
516,YO25 8,30,9,,,
584,DN11 9,52,9,,,
588,BD17 6,611,9,,,
601,YO60 7,70,9,,,
608,S10 5,480,9,,,
617,YO24 4,449,9,,,
643,S36 8,45,9,,,
656,S26 2,95,9,,,
657,LS29 7,51,9,,,
675,WF10 2,876,9,,,
691,HG4 2,1257,9,,,
706,HU3 5,589,9,,,
754,HG3 3,44,9,,,
813,DN14 7,23,9,,,
841,HU13 9,89,9,,,
857,DL8 1,79,9,,,
868,LS13 1,265,9,,,
869,YO24 4,903,9,,,
935,HD4 6,182,9,,,
954,HD8 8,115,9,,,
973,BD23 6,480,9,,,
1052,YO43 3,930,9,,,
1091,WF17 7,280,9,,,
1136,HU3 5,315,9,,,
1149,HD9 4,410,9,,,
1170,HD3 3,39,9,,,
1191,S36 7,81,9,,,
1199,BD2 2,26,9,,,
1204,HD7 4,807,9,,,
1210,BD4 0,39,9,,,
1217,S5 7,85,9,,,
1224,S17 3,906,9,,,
1227,HU9 3,97,9,,,
1255,DN6 9,87,9,,,
1312,DN14 0,180,9,,,
1316,BD3 8,117,9,,,
1397,LS13 4,434,9,,,
1419,S35 7,77,9,,,
1428,HD7 6,428,9,,,
1440,HX1 2,102,9,,,
1486,LS10 3,791,9,,,
1496,BD13 1,317,9,,,
1551,HD7 4,169,9,,,
1581,LS6 3,38,9,,,
1593,LS7 1,786,9,,,
1595,DN5 8,321,9,,,
1598,S70 6,404,9,,,
1618,LS27 0,68,9,,,
1663,WF16 9,447,9,,,
1674,YO16 4,948,9,,,
1708,WF11 0,645,9,,,
1719,S75 3,50,9,,,
1737,WF5 8,563,9,,,
1765,WF11 0,675,9,,,
1773,S61 2,357,9,,,
1796,HG5 0,24,9,,,
1804,S36 4,46,9,,,
1811,S66 1,225,9,,,
1816,BD13 3,431,9,,,
1830,BB18 5,465,9,,,
1837,BD22 6,1457,9,,,
1855,YO21 2,64,9,,,
1882,HG3 4,39,9,,,
1884,BD4 6,996,9,,,
1888,LS15 7,449,9,,,
1901,BD14 6,588,9,,,
1908,HD9 2,207,9,,,
1911,WF14 9,731,9,,,
1935,S62 5,108,9,,,
1946,HG5 0,317,9,,,
1982,S36 7,272,9,,,
2030,LS4 2,545,9,,,
2034,S11 7,82,9,,,
2040,YO12 5,815,9,,,
2059,DL10 7,251,9,,,
2060,S74 8,416,9,,,
2114,LS14 3,369,9,,,
2116,WF1 3,425,9,,,
2144,LS10 3,138,9,,,
2151,DL11 7,44,9,,,
2191,YO16 6,892,9,,,
2194,BD6 1,182,9,,,
2233,BD23 3,125,9,,,
2251,YO23 3,126,9,,,
2264,HX3 0,320,9,,,
2272,HD9 7,346,9,,,
2335,S1 4,163,9,,,
2343,S6 2,843,9,,,
2363,S63 6,629,9,,,
2367,HG3 1,29,9,,,
2380,WF1 5,295,9,,,
2404,S81 8,157,9,,,
2414,HG5 9,45,9,,,
19,YO61 3,33,10,,,
29,BD18 2,442,10,,,
39,BD2 2,155,10,,,
62,WF2 7,824,10,,,
74,BD12 0,201,10,,,
90,S61 1,198,10,,,
97,HX2 6,41,10,,,
104,LS6 3,555,10,,,
134,LS11 6,330,10,,,
143,S8 9,591,10,,,
164,WF11 0,74,10,,,
182,OL14 6,246,10,,,
207,HU5 5,484,10,,,
209,LS12 5,566,10,,,
293,S66 2,521,10,,,
368,HG5 9,111,10,,,
390,BD16 2,224,10,,,
433,WF16 9,36,10,,,
433,WF17 7,364,10,,,
451,S8 9,976,10,,,
457,YO25 8,77,10,,,
522,HG4 3,28,10,,,
545,WF11 9,39,10,,,
553,LS22 5,78,10,,,
579,YO7 2,50,10,,,
614,S6 5,715,10,,,
615,S7 2,167,10,,,
633,BD3 7,689,10,,,
643,S36 9,205,10,,,
656,S13 9,85,10,,,
679,YO8 9,66,10,,,
707,YO26 4,91,10,,,
708,YO42 2,272,10,,,
753,YO7 2,52,10,,,
764,BD9 6,441,10,,,
800,HU15 1,435,10,,,
808,LS7 3,288,10,,,
845,S8 8,41,10,,,
875,YO10 5,572,10,,,
898,WF17 0,247,10,,,
933,HD5 0,272,10,,,
943,LS28 5,643,10,,,
971,WF12 8,191,10,,,
1001,YO31 9,611,10,,,
1024,HU7 5,515,10,,,
1072,BD12 7,279,10,,,
1074,DN17 3,120,10,,,
1074,DN17 4,91,10,,,
1108,DN6 8,51,10,,,
1221,LS13 3,92,10,,,
1270,LA2 8,62,10,,,
1271,BD14 6,1067,10,,,
1328,S72 8,220,10,,,
1334,WF17 7,1151,10,,,
1347,S4 7,140,10,,,
1375,HU3 3,202,10,,,
1427,BD20 5,549,10,,,
1446,TS13 5,32,10,,,
1447,LS11 6,360,10,,,
1447,LS11 8,472,10,,,
1469,YO61 4,25,10,,,
1554,HX7 8,173,10,,,
1564,LS25 7,1028,10,,,
1626,DN6 7,908,10,,,
1649,BD16 4,739,10,,,
1671,S70 3,504,10,,,
1691,BD10 0,249,10,,,
1733,LS25 5,182,10,,,
1749,LS29 8,569,10,,,
1759,LS17 9,194,10,,,
1760,S71 5,265,10,,,
1760,S73 8,179,10,,,
1848,BD21 5,229,10,,,
1871,BD20 7,75,10,,,
1882,HG3 2,33,10,,,
1896,S17 4,841,10,,,
1908,HD9 1,74,10,,,
1940,S1 4,65,10,,,
1949,LS25 2,369,10,,,
2017,WF8 3,94,10,,,
2023,YO7 2,44,10,,,
2026,S17 3,49,10,,,
2026,S17 4,337,10,,,
2027,BD2 2,25,10,,,
2073,HG5 8,37,10,,,
2110,HU7 4,1798,10,,,
2118,BD15 9,423,10,,,
2134,HU15 1,468,10,,,
2160,LS7 3,678,10,,,
2212,WF10 2,417,10,,,
2227,LS16 8,928,10,,,
2230,HU13 9,232,10,,,
2307,HU5 5,1112,10,,,
2355,WF3 4,384,10,,,
2371,S13 8,850,10,,,
2379,YO10 3,779,10,,,
2429,HD9 2,93,10,,,
75,HU3 6,563,11,,,
81,HU5 2,509,11,,,
81,HU5 3,315,11,,,
96,YO10 3,517,11,,,
187,LS6 2,233,11,,,
191,YO51 9,49,11,,,
212,BD8 8,290,11,,,
219,S2 1,280,11,,,
228,WF9 2,805,11,,,
241,HD4 6,300,11,,,
282,BD21 3,20,11,,,
333,HG3 5,102,11,,,
336,S10 5,548,11,,,
364,HD6 3,960,11,,,
394,S36 2,1017,11,,,
423,S61 4,1411,11,,,
436,WF7 6,254,11,,,
437,LS18 4,566,11,,,
448,DL11 7,23,11,,,
483,BD9 5,309,11,,,
652,HG4 3,46,11,,,
669,HX3 6,105,11,,,
692,HX3 7,640,11,,,
721,LS22 6,159,11,,,
727,YO8 9,538,11,,,
738,YO8 4,491,11,,,
744,YO19 5,52,11,,,
801,DN4 5,548,11,,,
817,HX2 7,211,11,,,
825,LS8 1,1144,11,,,
854,WF15 7,853,11,,,
878,DN6 9,112,11,,,
907,LS9 6,32,11,,,
907,LS9 7,205,11,,,
912,HD9 5,66,11,,,
915,S61 2,214,11,,,
918,BD24 0,96,11,,,
924,YO12 5,530,11,,,
942,BD7 3,207,11,,,
951,WF1 2,769,11,,,
983,S25 1,439,11,,,
1027,HU5 4,209,11,,,
1032,S60 4,30,11,,,
1033,S26 6,63,11,,,
1053,HX4 0,61,11,,,
1070,LS9 9,50,11,,,
1129,HD7 5,390,11,,,
1138,YO30 5,503,11,,,
1147,BD24 9,98,11,,,
1152,YO17 8,703,11,,,
1158,S5 7,597,11,,,
1208,HX2 0,237,11,,,
1212,HG5 0,100,11,,,
1225,HX3 5,1284,11,,,
1227,HU9 4,1726,11,,,
1227,HU9 5,20,11,,,
1232,S2 3,1097,11,,,
1234,HD4 6,170,11,,,
1236,LS12 2,501,11,,,
1258,HX2 7,501,11,,,
1274,LS7 4,106,11,,,
1300,S63 8,1188,11,,,
1403,WF8 3,111,11,,,
1443,WF4 4,176,11,,,
1470,LS14 3,412,11,,,
1581,LS16 5,49,11,,,
1608,DN9 1,188,11,,,
1616,LS27 7,1095,11,,,
1742,S2 3,24,11,,,
1771,LS12 2,834,11,,,
1788,LS26 8,382,11,,,
1796,YO26 8,91,11,,,
1910,HD5 8,942,11,,,
1924,S8 0,879,11,,,
1959,BD23 6,64,11,,,
1986,HU3 2,104,11,,,
2007,LS10 3,1365,11,,,
2024,HU7 0,335,11,,,
2046,LS7 2,186,11,,,
2071,LS21 3,85,11,,,
2078,S13 7,1071,11,,,
2091,S61 4,1046,11,,,
2129,LS21 3,735,11,,,
2183,DL8 3,210,11,,,
2185,DN2 6,960,11,,,
2231,S8 9,704,11,,,
2247,HD2 1,1309,11,,,
2248,BD20 7,667,11,,,
2288,HX1 2,777,11,,,
2293,WF2 9,399,11,,,
2335,S3 7,732,11,,,
2344,S60 2,329,11,,,
2395,BD4 7,50,11,,,
2426,LS23 6,163,11,,,
12,YO32 9,22,12,,,
15,LS17 8,1201,12,,,
33,WF14 0,533,12,,,
78,LS14 1,1558,12,,,
103,LS2 9,31,12,,,
109,YO16 4,29,12,,,
182,OL14 7,134,12,,,
226,YO8 5,357,12,,,
247,WF10 2,588,12,,,
261,BD22 0,65,12,,,
262,S60 4,232,12,,,
334,LS7 2,671,12,,,
407,HX2 6,701,12,,,
409,HD2 2,913,12,,,
414,LS13 1,697,12,,,
417,BD17 7,84,12,,,
487,S11 7,1404,12,,,
543,WF10 3,1353,12,,,
587,S17 3,375,12,,,
768,LS11 8,279,12,,,
777,YO42 1,29,12,,,
816,YO7 4,26,12,,,
864,WF4 4,517,12,,,
872,YO17 6,29,12,,,
893,DN14 0,336,12,,,
908,LS16 7,204,12,,,
963,LS22 6,593,12,,,
1061,WF13 2,202,12,,,
1098,DL11 6,112,12,,,
1128,LS4 2,282,12,,,
1130,S10 4,32,12,,,
1208,HX2 7,115,12,,,
1250,HD8 0,343,12,,,
1375,HU3 6,110,12,,,
1404,WF3 3,442,12,,,
1405,S5 0,1380,12,,,
1433,S70 6,219,12,,,
1445,LS25 5,64,12,,,
1452,HG1 4,1391,12,,,
1487,HD3 4,71,12,,,
1494,HX3 8,993,12,,,
1511,S12 3,133,12,,,
1599,HD6 3,683,12,,,
1634,HD2 1,600,12,,,
1638,LS17 8,325,12,,,
1661,BD18 4,1285,12,,,
1681,WF15 6,364,12,,,
1694,WF2 8,1282,12,,,
1780,DL10 7,27,12,,,
1826,HU16 5,404,12,,,
1848,BD22 8,372,12,,,
1919,YO30 6,1064,12,,,
1926,HD2 2,787,12,,,
1975,S5 8,163,12,,,
1995,HX7 5,175,12,,,
1997,LS6 4,627,12,,,
2004,BD21 5,128,12,,,
2056,HX1 3,236,12,,,
2102,YO30 5,439,12,,,
2106,BD21 4,74,12,,,
2220,S74 9,543,12,,,
2242,S6 5,314,12,,,
2301,HU3 6,122,12,,,
2338,LS13 4,122,12,,,
2348,LS19 6,385,12,,,
2362,LS25 7,637,12,,,
2374,S6 3,910,12,,,
32,HD9 1,667,13,,,
40,HU9 3,846,13,,,
40,HU9 5,305,13,,,
50,YO25 5,750,13,,,
95,HG3 2,296,13,,,
102,HD7 4,304,13,,,
152,LS18 5,824,13,,,
209,LS12 4,235,13,,,
245,S75 2,510,13,,,
282,BD20 6,145,13,,,
284,BD22 6,777,13,,,
303,YO12 6,1347,13,,,
307,S6 2,768,13,,,
325,YO18 8,112,13,,,
353,LS9 7,20,13,,,
361,LS12 3,430,13,,,
398,BD16 4,21,13,,,
415,HG4 3,126,13,,,
417,LS20 9,41,13,,,
461,HD4 6,141,13,,,
542,S13 8,933,13,,,
543,WF8 1,1013,13,,,
603,S66 8,1898,13,,,
618,HG5 8,181,13,,,
710,BD17 6,766,13,,,
735,S65 3,1216,13,,,
768,LS11 7,448,13,,,
770,DN1 1,73,13,,,
770,DN2 4,51,13,,,
774,LS15 0,353,13,,,
785,S36 3,102,13,,,
799,HD6 3,323,13,,,
816,DL7 9,30,13,,,
826,WF7 7,357,13,,,
836,DN14 9,114,13,,,
838,LS16 8,711,13,,,
852,S26 6,28,13,,,
896,DL8 1,189,13,,,
900,HX7 6,126,13,,,
901,BD20 9,274,13,,,
1038,LS8 2,324,13,,,
1099,HU12 8,182,13,,,
1100,DL7 0,38,13,,,
1113,WF12 0,108,13,,,
1130,S11 7,104,13,,,
1133,LS6 3,200,13,,,
1166,YO13 0,21,13,,,
1189,S62 6,219,13,,,
1196,HG3 1,32,13,,,
1202,HD2 1,136,13,,,
1207,HG2 7,72,13,,,
1231,WF11 8,962,13,,,
1365,DN4 7,693,13,,,
1385,LS7 1,872,13,,,
1418,HX1 3,290,13,,,
1430,DN2 5,627,13,,,
1438,LS26 0,726,13,,,
1460,DN9 1,229,13,,,
1462,S75 4,585,13,,,
1517,S10 1,1107,13,,,
1518,YO17 7,496,13,,,
1547,S13 8,1051,13,,,
1577,LS26 0,547,13,,,
1654,LS11 7,620,13,,,
1677,DN4 8,770,13,,,
1692,LS11 0,1214,13,,,
1731,LS10 4,806,13,,,
1744,DN17 4,151,13,,,
1805,S8 0,372,13,,,
1807,YO14 9,75,13,,,
1827,YO41 1,41,13,,,
1861,HD8 8,30,13,,,
1865,HG3 3,157,13,,,
1899,BD23 4,68,13,,,
1956,HD7 4,895,13,,,
2032,HU18 1,202,13,,,
2038,DN9 1,349,13,,,
2044,S11 9,714,13,,,
2223,LS18 4,471,13,,,
2236,S2 4,69,13,,,
2236,S2 5,128,13,,,
2240,YO25 9,99,13,,,
2243,LS16 6,84,13,,,
2260,HU12 8,905,13,,,
2306,DN3 2,555,13,,,
2324,S8 9,652,13,,,
2327,HU11 4,96,13,,,
2327,HU18 1,24,13,,,
2341,S11 7,565,13,,,
2357,S6 2,76,13,,,
2395,BD4 8,277,13,,,
2407,WF4 1,325,13,,,
72,HX7 7,383,14,,,
163,LS9 0,593,14,,,
264,WF14 8,416,14,,,
295,WF2 9,817,14,,,
301,WF10 2,92,14,,,
323,LS25 6,37,14,,,
343,HU6 8,1415,14,,,
462,S63 7,940,14,,,
526,WF17 7,349,14,,,
544,HG4 4,55,14,,,
551,YO13 9,441,14,,,
576,LS13 4,604,14,,,
595,S10 1,689,14,,,
627,S62 7,279,14,,,
629,WF7 7,753,14,,,
677,BD20 6,683,14,,,
699,YO8 9,1338,14,,,
701,YO61 3,37,14,,,
768,LS11 6,130,14,,,
809,HU7 4,661,14,,,
959,BD2 3,1107,14,,,
989,YO17 8,42,14,,,
1008,LS9 6,363,14,,,
1025,DN14 7,24,14,,,
1031,HG2 9,833,14,,,
1032,S60 3,955,14,,,
1079,LS17 9,281,14,,,
1096,HX7 5,654,14,,,
1139,BD23 5,79,14,,,
1145,BD2 4,586,14,,,
1148,S73 0,719,14,,,
1162,DL10 7,122,14,,,
1243,HX2 8,694,14,,,
1256,YO18 8,31,14,,,
1293,YO31 0,881,14,,,
1347,S4 8,603,14,,,
1361,HD8 0,221,14,,,
1387,DL6 1,1609,14,,,
1393,HU17 8,1186,14,,,
1413,DN12 1,1074,14,,,
1533,BD11 2,891,14,,,
1549,S5 8,1425,14,,,
1588,HU12 8,58,14,,,
1634,HD2 2,330,14,,,
1738,HU9 3,464,14,,,
1803,HX6 2,68,14,,,
1806,BD10 0,1099,14,,,
1846,WF10 2,614,14,,,
1864,S71 3,1202,14,,,
1890,YO62 6,21,14,,,
1943,DL8 3,39,14,,,
1944,HG4 3,84,14,,,
1969,LS7 3,899,14,,,
1975,S5 7,871,14,,,
1984,YO42 1,35,14,,,
2028,YO25 3,137,14,,,
2058,HD6 4,458,14,,,
2089,YO12 5,661,14,,,
2099,S6 3,614,14,,,
2121,YO12 4,141,14,,,
2126,HU17 0,60,14,,,
2138,BD16 1,23,14,,,
2161,DN8 5,33,14,,,
2198,LS6 3,1058,14,,,
2228,HU16 4,260,14,,,
2280,HD1 2,102,14,,,
2349,LS12 5,509,14,,,
2409,HD5 0,351,14,,,
25,HD9 1,434,15,,,
31,BD22 7,1068,15,,,
42,YO62 4,160,15,,,
53,BD23 3,25,15,,,
77,YO16 7,1749,15,,,
151,DL6 3,26,15,,,
156,LS29 0,102,15,,,
162,HX3 7,559,15,,,
164,DN6 9,149,15,,,
200,HG3 1,107,15,,,
214,S71 5,550,15,,,
221,S61 1,700,15,,,
261,BD22 7,982,15,,,
262,S65 3,696,15,,,
278,S36 1,1290,15,,,
335,DN2 5,433,15,,,
339,YO62 5,113,15,,,
408,LS7 2,832,15,,,
408,LS7 3,276,15,,,
418,YO17 6,306,15,,,
429,HX6 3,245,15,,,
445,YO31 0,815,15,,,
456,S11 9,648,15,,,
461,HD4 7,38,15,,,
470,S36 1,1016,15,,,
475,HX2 8,123,15,,,
480,S66 8,713,15,,,
496,LS6 2,21,15,,,
500,YO13 0,151,15,,,
557,HU2 8,27,15,,,
571,S75 1,634,15,,,
595,S6 3,484,15,,,
626,YO7 4,119,15,,,
641,YO43 3,186,15,,,
689,YO11 3,1612,15,,,
780,LS12 5,1018,15,,,
786,BD21 4,82,15,,,
797,HG3 2,50,15,,,
811,BD19 4,645,15,,,
837,BD6 3,457,15,,,
904,HD3 3,612,15,,,
952,OL14 8,331,15,,,
978,HD3 3,642,15,,,
992,BD12 8,803,15,,,
1019,YO25 9,27,15,,,
1067,HD3 4,479,15,,,
1093,HG3 4,28,15,,,
1112,S25 1,117,15,,,
1124,S5 8,737,15,,,
1126,BD19 6,611,15,,,
1163,S5 0,1385,15,,,
1181,YO32 9,62,15,,,
1186,BB18 5,196,15,,,
1273,YO62 5,42,15,,,
1289,BD23 5,115,15,,,
1337,LS12 1,250,15,,,
1350,BD23 5,167,15,,,
1436,LS14 5,1253,15,,,
1451,S10 1,358,15,,,
1463,LS28 5,192,15,,,
1473,WF12 0,710,15,,,
1509,S65 4,674,15,,,
1559,BD4 7,353,15,,,
1570,HD3 3,424,15,,,
1574,YO15 3,80,15,,,
1576,BD2 3,398,15,,,
1613,HU4 7,625,15,,,
1632,LS8 1,573,15,,,
1652,YO14 9,168,15,,,
1664,LS28 5,920,15,,,
1673,S64 0,1203,15,,,
1687,HU17 7,1626,15,,,
1750,YO7 4,105,15,,,
1752,WF7 6,641,15,,,
1815,YO8 9,1293,15,,,
1892,DN14 8,322,15,,,
1968,HG5 9,100,15,,,
2062,DN5 7,732,15,,,
2079,DL10 7,229,15,,,
2095,BD20 5,618,15,,,
2103,HU17 7,345,15,,,
2252,DL7 0,56,15,,,
2300,S75 4,50,15,,,
2335,S10 2,26,15,,,
2414,HG5 8,244,15,,,
1,LS8 2,493,16,,,
8,HG4 3,278,16,,,
12,YO31 7,97,16,,,
49,OL14 6,255,16,,,
86,HD1 3,758,16,,,
93,DN4 5,229,16,,,
170,YO11 2,186,16,,,
215,BD4 0,334,16,,,
280,YO7 2,78,16,,,
291,BD2 1,1033,16,,,
293,S66 8,337,16,,,
301,LS25 7,74,16,,,
330,HU16 5,1691,16,,,
385,DN4 9,1142,16,,,
490,HU13 9,2180,16,,,
500,YO12 6,593,16,,,
525,BD7 2,450,16,,,
564,HX3 5,233,16,,,
672,WF8 3,37,16,,,
684,YO11 2,554,16,,,
714,YO19 6,79,16,,,
728,S10 4,1066,16,,,
790,YO43 3,59,16,,,
808,LS7 4,155,16,,,
812,HD3 4,1195,16,,,
918,BD23 4,85,16,,,
1030,YO42 4,53,16,,,
1068,DN4 0,822,16,,,
1095,S5 6,703,16,,,
1109,YO7 2,152,16,,,
1204,HD3 4,214,16,,,
1248,YO32 9,40,16,,,
1266,BD8 8,315,16,,,
1292,WF13 3,788,16,,,
1311,HD4 7,1361,16,,,
1318,WF8 4,58,16,,,
1333,DL11 6,229,16,,,
1448,S71 3,983,16,,,
1451,S10 5,251,16,,,
1465,DL8 4,158,16,,,
1508,DN6 7,803,16,,,
1515,WF2 8,1519,16,,,
1581,LS6 4,204,16,,,
1616,BD11 1,34,16,,,
1661,BD18 3,319,16,,,
1716,YO60 7,84,16,,,
1762,S63 6,917,16,,,
1784,YO25 3,95,16,,,
1839,DN6 7,729,16,,,
1847,LS9 8,31,16,,,
1847,LS9 9,932,16,,,
1856,YO51 9,143,16,,,
1869,WF10 4,94,16,,,
1886,YO23 3,73,16,,,
1893,HD8 8,570,16,,,
1907,HD3 3,1079,16,,,
1914,S66 7,91,16,,,
1934,YO7 4,120,16,,,
1952,YO14 0,1085,16,,,
1961,HD5 8,730,16,,,
2021,WF17 9,21,16,,,
2053,LS16 9,95,16,,,
2076,S75 3,114,16,,,
2096,YO12 4,266,16,,,
2175,HX4 0,373,16,,,
2184,HD8 0,328,16,,,
2190,S72 7,907,16,,,
2268,S9 4,1207,16,,,
2270,HU5 2,257,16,,,
2298,BD12 7,543,16,,,
2313,LS16 9,951,16,,,
2315,LS24 9,189,16,,,
2338,LS13 2,86,16,,,
2347,YO60 6,54,16,,,
2389,LS26 8,28,16,,,
41,LS6 4,362,17,,,
59,HD5 9,188,17,,,
87,HG3 3,340,17,,,
117,YO12 5,761,17,,,
144,HX2 8,605,17,,,
166,S11 8,41,17,,,
186,HX7 7,321,17,,,
243,YO16 7,247,17,,,
266,WF12 0,787,17,,,
273,HX2 9,546,17,,,
369,DN12 3,915,17,,,
395,LS26 0,1184,17,,,
458,LS14 2,1786,17,,,
494,OL14 6,272,17,,,
504,DN3 1,373,17,,,
529,S35 0,853,17,,,
575,YO14 9,572,17,,,
580,HD4 5,801,17,,,
580,HD4 7,100,17,,,
606,LS28 7,1231,17,,,
635,YO17 8,117,17,,,
648,YO26 4,1060,17,,,
650,BD6 1,953,17,,,
664,WF12 0,648,17,,,
671,HG5 9,524,17,,,
729,YO62 4,233,17,,,
760,S6 5,1097,17,,,
797,HG3 3,171,17,,,
847,YO8 6,71,17,,,
850,LS17 9,42,17,,,
853,WF14 9,746,17,,,
890,S62 5,846,17,,,
969,HU11 4,709,17,,,
971,WF12 7,1176,17,,,
983,S25 2,655,17,,,
989,YO17 6,26,17,,,
1000,HD8 9,69,17,,,
1010,HG3 2,80,17,,,
1010,HG3 4,25,17,,,
1033,S80 3,155,17,,,
1105,HX4 0,139,17,,,
1119,YO62 6,77,17,,,
1143,LS27 8,906,17,,,
1165,WF13 3,506,17,,,
1181,YO31 9,1225,17,,,
1205,BD23 1,578,17,,,
1245,BD11 1,338,17,,,
1303,WF2 6,1297,17,,,
1374,HU8 9,1323,17,,,
1412,LS18 4,218,17,,,
1618,WF12 7,75,17,,,
1633,DN5 7,84,17,,,
1722,WF12 0,43,17,,,
1813,S9 4,1462,17,,,
1818,HU7 5,803,17,,,
1892,DN14 6,464,17,,,
1909,WF17 5,153,17,,,
1922,HD8 8,134,17,,,
1945,HX2 0,320,17,,,
2060,S74 0,505,17,,,
2130,DN3 2,1263,17,,,
2140,YO7 4,84,17,,,
2145,YO13 9,111,17,,,
2193,BD5 8,793,17,,,
2209,LS20 9,590,17,,,
2245,HU17 7,490,17,,,
2287,WF11 9,393,17,,,
2297,DN5 7,127,17,,,
2322,WF8 3,300,17,,,
2356,WF2 8,953,17,,,
14,S61 3,935,18,,,
77,YO16 6,954,18,,,
84,LS17 0,137,18,,,
147,S8 7,1436,18,,,
180,HD9 7,373,18,,,
202,BD23 3,380,18,,,
219,S2 5,1069,18,,,
244,BD21 4,1148,18,,,
260,BD24 0,129,18,,,
324,S2 3,1382,18,,,
329,BD18 4,1046,18,,,
337,DN14 0,391,18,,,
370,S66 7,1249,18,,,
479,LS17 9,204,18,,,
502,HU8 9,1784,18,,,
563,WF8 4,1324,18,,,
640,HX3 8,280,18,,,
645,DN7 6,1457,18,,,
659,S10 5,488,18,,,
742,WF2 0,1172,18,,,
795,LS10 4,1072,18,,,
822,HX3 0,422,18,,,
919,DN5 9,1321,18,,,
951,WF2 0,309,18,,,
967,HX5 0,841,18,,,
974,WF8 3,842,18,,,
979,BD10 0,902,18,,,
1101,LS8 2,253,18,,,
1109,YO7 1,1333,18,,,
1127,YO18 7,75,18,,,
1183,DN5 7,190,18,,,
1268,HX1 4,565,18,,,
1294,YO26 6,443,18,,,
1431,HX2 7,1171,18,,,
1434,DL11 7,140,18,,,
1454,LS8 4,226,18,,,
1503,HU8 8,1480,18,,,
1516,WF16 0,196,18,,,
1526,HU15 1,126,18,,,
1528,LS6 3,548,18,,,
1641,DL10 4,83,18,,,
1651,HU10 7,728,18,,,
1678,YO61 3,160,18,,,
1691,BD2 2,325,18,,,
1754,S60 5,834,18,,,
1794,DN5 9,335,18,,,
1802,BD20 6,305,18,,,
1803,HX6 1,330,18,,,
1825,YO23 1,1428,18,,,
1911,WF14 0,771,18,,,
2047,S2 2,30,18,,,
2088,BD5 7,134,18,,,
2100,WF6 1,818,18,,,
2192,S10 5,318,18,,,
2212,WF10 3,1165,18,,,
2218,S71 3,1793,18,,,
2262,DN12 3,518,18,,,
2279,S75 3,782,18,,,
2291,HX1 5,54,18,,,
2354,HG3 2,1063,18,,,
2374,S10 1,40,18,,,
2383,DN9 2,192,18,,,
2398,WF4 4,798,18,,,
111,LS16 7,511,19,,,
156,LS21 2,81,19,,,
190,LS19 6,719,19,,,
191,YO26 9,74,19,,,
207,HU3 1,321,19,,,
225,HU11 4,88,19,,,
225,HU12 8,61,19,,,
231,YO31 0,777,19,,,
237,HD7 5,463,19,,,
251,YO25 9,220,19,,,
254,S17 4,762,19,,,
263,YO22 5,44,19,,,
326,LS14 6,1146,19,,,
328,S66 7,403,19,,,
340,HG1 2,263,19,,,
393,LS21 2,67,19,,,
405,LS12 4,357,19,,,
463,DN12 2,1144,19,,,
491,LS15 8,804,19,,,
530,LS17 6,837,19,,,
540,WF2 8,182,19,,,
607,OL14 7,96,19,,,
626,YO61 2,52,19,,,
633,BD2 3,127,19,,,
662,HG5 0,680,19,,,
663,HU16 5,133,19,,,
752,BD3 0,123,19,,,
757,S35 1,220,19,,,
758,DN8 5,28,19,,,
804,DN5 8,1013,19,,,
823,S62 7,1253,19,,,
830,S6 6,350,19,,,
859,S60 5,2340,19,,,
984,YO62 7,37,19,,,
1221,LS13 2,558,19,,,
1280,WF11 0,973,19,,,
1326,LS28 5,297,19,,,
1507,S5 6,719,19,,,
1618,WF3 1,1658,19,,,
1639,LS15 0,1065,19,,,
1712,LS26 0,848,19,,,
1724,S10 4,775,19,,,
1730,DN6 0,1008,19,,,
1801,S35 3,136,19,,,
1912,HD7 6,261,19,,,
2087,S8 7,988,19,,,
2102,YO30 1,613,19,,,
2141,LS28 8,94,19,,,
2251,LS24 8,51,19,,,
2278,S4 7,478,19,,,
2302,YO23 1,701,19,,,
2311,S71 2,1110,19,,,
7,LS10 3,997,20,,,
59,HD5 0,216,20,,,
73,DN9 3,724,20,,,
75,HU4 6,433,20,,,
92,HU4 6,311,20,,,
100,S7 1,624,20,,,
110,HD9 5,1004,20,,,
193,HD6 1,280,20,,,
205,BD9 6,342,20,,,
213,WF4 3,132,20,,,
234,S72 0,407,20,,,
253,HG2 0,549,20,,,
388,LS24 8,52,20,,,
469,HD4 6,1063,20,,,
516,YO25 4,106,20,,,
526,WF17 5,276,20,,,
557,HU2 9,705,20,,,
562,S64 8,22,20,,,
644,S65 4,541,20,,,
673,LS20 8,823,20,,,
704,DL6 3,84,20,,,
815,LS7 4,267,20,,,
915,S35 1,839,20,,,
977,BD7 4,1301,20,,,
998,LS28 6,141,20,,,
1031,HG2 0,886,20,,,
1033,S25 5,1119,20,,,
1066,LS15 9,681,20,,,
1230,S60 2,453,20,,,
1267,YO8 5,99,20,,,
1295,LS6 4,704,20,,,
1408,S5 0,77,20,,,
1491,YO62 6,72,20,,,
1504,HD5 9,1442,20,,,
1563,WF16 9,1266,20,,,
1569,HD9 2,359,20,,,
1592,BD4 0,882,20,,,
1655,LS25 5,402,20,,,
1676,DN4 5,989,20,,,
1690,S71 2,965,20,,,
1739,S5 9,1760,20,,,
1816,BD8 0,608,20,,,
1842,YO62 5,24,20,,,
1903,DL11 7,224,20,,,
1931,WF17 7,635,20,,,
1954,HD5 9,1042,20,,,
1983,S36 1,538,20,,,
1994,S74 0,506,20,,,
2014,YO12 4,482,20,,,
2034,S11 9,1232,20,,,
2071,LS21 1,885,20,,,
2086,BD5 0,63,20,,,
2098,HG2 0,934,20,,,
2149,HG3 1,605,20,,,
2273,HU6 0,187,20,,,
2296,S63 7,688,20,,,
2317,S11 7,715,20,,,
2324,S7 1,158,20,,,
2348,BD10 0,116,20,,,
2377,LS8 2,202,20,,,
2381,HG3 5,152,20,,,
2389,WF3 3,627,20,,,
2430,HD9 7,349,20,,,
23,WF4 4,62,21,,,
59,HD5 8,589,21,,,
115,WF10 3,1047,21,,,
125,DN11 9,510,21,,,
132,DL11 6,44,21,,,
145,DN14 6,587,21,,,
206,WF12 8,1663,21,,,
236,HG4 5,142,21,,,
258,LS12 5,179,21,,,
280,YO61 4,113,21,,,
335,DN2 6,1241,21,,,
338,HD8 9,850,21,,,
555,S5 0,883,21,,,
560,YO51 9,107,21,,,
578,WF1 4,2055,21,,,
587,S17 4,115,21,,,
668,LS12 3,916,21,,,
682,HX3 0,179,21,,,
691,HG4 1,1020,21,,,
714,YO19 4,170,21,,,
732,HD8 0,1023,21,,,
733,HG4 1,137,21,,,
773,HU6 7,374,21,,,
779,WF1 3,285,21,,,
786,BD20 5,783,21,,,
849,S5 6,132,21,,,
875,YO19 5,123,21,,,
877,HU17 0,991,21,,,
930,DL10 5,287,21,,,
1011,S72 9,776,21,,,
1120,LS9 8,182,21,,,
1121,WF11 0,331,21,,,
1143,LS27 9,737,21,,,
1172,YO51 9,69,21,,,
1198,S66 2,125,21,,,
1248,YO32 5,687,21,,,
1294,YO24 4,110,21,,,
1360,BD4 0,100,21,,,
1433,S75 2,664,21,,,
1435,HU15 2,380,21,,,
1453,HU7 5,366,21,,,
1488,YO17 8,129,21,,,
1510,YO19 4,111,21,,,
1632,LS17 6,574,21,,,
1715,LS19 7,285,21,,,
1735,HD8 8,270,21,,,
1773,S61 1,618,21,,,
1778,HX6 2,658,21,,,
1781,BD23 5,157,21,,,
1945,HX1 4,415,21,,,
1949,LS25 1,1075,21,,,
2019,DN5 8,1126,21,,,
2113,HD2 2,1232,21,,,
2137,YO8 5,1394,21,,,
2138,BD16 4,1983,21,,,
2139,BD2 3,750,21,,,
2146,DN5 7,254,21,,,
2169,WF7 5,904,21,,,
2207,BD22 7,1344,21,,,
2228,HU16 5,801,21,,,
2238,HD3 4,729,21,,,
2314,LS17 6,421,21,,,
2319,HU5 5,1496,21,,,
2417,S5 7,1076,21,,,
2420,HU7 4,1301,21,,,
2422,HD1 5,264,21,,,
2425,LS17 9,708,21,,,
21,LS9 7,689,22,,,
54,HU8 9,800,22,,,
56,BD4 9,807,22,,,
105,DN4 6,1179,22,,,
119,LS26 8,415,22,,,
143,S2 3,459,22,,,
170,YO11 3,904,22,,,
195,S5 8,910,22,,,
215,BD4 9,648,22,,,
217,YO10 3,1096,22,,,
241,HD4 7,1089,22,,,
252,HD6 3,902,22,,,
281,BD7 3,389,22,,,
319,S36 6,143,22,,,
340,HG1 4,99,22,,,
375,S60 4,330,22,,,
439,S66 1,1095,22,,,
441,HD4 5,1114,22,,,
467,BD21 4,69,22,,,
570,WF12 7,141,22,,,
620,HX1 5,25,22,,,
663,HU20 3,361,22,,,
698,WF12 9,161,22,,,
706,HU3 6,22,22,,,
810,S70 4,706,22,,,
821,BD6 1,359,22,,,
844,DL6 3,49,22,,,
937,LS16 7,150,22,,,
968,S60 5,539,22,,,
1022,S26 3,1024,22,,,
1084,S10 4,784,22,,,
1189,S62 5,854,22,,,
1223,S8 9,199,22,,,
1249,HX2 8,769,22,,,
1299,S70 4,1140,22,,,
1330,HD8 8,591,22,,,
1347,S5 7,281,22,,,
1364,YO41 1,297,22,,,
1372,WF17 7,569,22,,,
1408,S5 7,1399,22,,,
1418,HX1 5,222,22,,,
1439,S4 7,512,22,,,
1478,LS17 6,161,22,,,
1529,YO8 8,315,22,,,
1566,DN14 0,152,22,,,
1574,YO25 8,108,22,,,
1589,S26 2,693,22,,,
1600,YO21 1,820,22,,,
1672,DL10 4,962,22,,,
1678,YO61 4,160,22,,,
1732,BD20 8,470,22,,,
1758,YO17 7,147,22,,,
1774,HX7 8,679,22,,,
1793,YO13 0,47,22,,,
1795,BD9 6,1179,22,,,
1812,BD18 1,1378,22,,,
1889,BD16 1,373,22,,,
1909,WF17 8,326,22,,,
1996,WF2 7,1111,22,,,
2061,DN4 9,1058,22,,,
2065,S2 2,1572,22,,,
2111,LS8 3,508,22,,,
2154,LA2 8,42,22,,,
2180,S6 1,955,22,,,
2389,LS26 0,473,22,,,
2415,S11 8,916,22,,,
39,BD2 4,681,23,,,
49,OL14 7,423,23,,,
65,BD17 7,645,23,,,
90,S61 2,1102,23,,,
103,LS6 1,403,23,,,
151,YO7 4,86,23,,,
225,HU12 0,37,23,,,
229,HG3 3,275,23,,,
306,YO14 9,94,23,,,
307,S6 3,39,23,,,
392,DN7 5,97,23,,,
434,HD9 6,1120,23,,,
442,HU9 2,1118,23,,,
468,HU12 8,260,23,,,
550,LS23 7,54,23,,,
628,YO62 7,145,23,,,
665,HU5 4,1454,23,,,
674,DL11 6,99,23,,,
694,DN7 4,832,23,,,
716,HG3 2,49,23,,,
769,BD15 7,1385,23,,,
828,LS2 9,83,23,,,
876,BD13 3,732,23,,,
940,HX1 2,251,23,,,
1026,S60 4,1662,23,,,
1063,YO61 4,30,23,,,
1164,HU9 4,600,23,,,
1188,WF9 2,991,23,,,
1209,LS14 5,2013,23,,,
1287,S8 9,817,23,,,
1328,S72 9,1068,23,,,
1335,HD7 5,534,23,,,
1351,WF13 2,731,23,,,
1401,S7 2,289,23,,,
1502,LS13 1,525,23,,,
1622,LS13 3,1143,23,,,
1635,S6 4,1138,23,,,
1645,LS28 7,1068,23,,,
1713,LS24 8,82,23,,,
1848,BD22 9,418,23,,,
1851,BD12 8,592,23,,,
1868,YO21 3,68,23,,,
1937,WF17 8,763,23,,,
1968,HG3 3,47,23,,,
1977,LS26 8,525,23,,,
1991,LS8 3,1312,23,,,
2139,BD2 2,457,23,,,
2159,HD3 3,245,23,,,
2171,HD9 1,147,23,,,
2232,DN14 5,1333,23,,,
2236,S2 2,605,23,,,
2245,HU17 8,336,23,,,
2314,LS17 8,1172,23,,,
2324,S11 8,589,23,,,
2334,BD10 8,1201,23,,,
2424,S8 8,1216,23,,,
12,YO31 1,1839,24,,,
63,LS25 5,1081,24,,,
123,DL7 9,242,24,,,
124,YO8 8,677,24,,,
130,HU10 6,1452,24,,,
152,LS18 4,230,24,,,
204,LS2 9,536,24,,,
222,YO16 7,1306,24,,,
305,WF2 9,831,24,,,
391,OL14 5,473,24,,,
410,WF11 9,655,24,,,
464,S8 0,313,24,,,
519,S66 8,80,24,,,
524,YO24 2,1933,24,,,
583,LS23 7,366,24,,,
589,S13 9,928,24,,,
667,HD1 3,171,24,,,
670,LS7 4,1315,24,,,
968,S9 1,123,24,,,
972,S73 0,1127,24,,,
979,BD10 8,195,24,,,
1032,S60 2,508,24,,,
1103,YO32 4,1057,24,,,
1128,LS3 1,234,24,,,
1191,S36 9,873,24,,,
1230,S65 2,644,24,,,
1247,HU17 9,444,24,,,
1283,BD18 1,565,24,,,
1313,S13 9,1659,24,,,
1340,YO61 4,97,24,,,
1355,S35 1,362,24,,,
1389,LS18 5,792,24,,,
1483,BD4 6,1044,24,,,
1498,WF10 4,1274,24,,,
1499,LS6 1,556,24,,,
1522,S8 8,1481,24,,,
1523,LA6 3,82,24,,,
1527,BD9 4,488,24,,,
1538,S70 3,1432,24,,,
1607,BD6 2,369,24,,,
1612,S75 4,655,24,,,
1650,HU9 2,1722,24,,,
1720,HU8 8,721,24,,,
1768,YO51 9,490,24,,,
1787,BD8 7,768,24,,,
1811,S66 2,2510,24,,,
1834,WF9 2,186,24,,,
1852,HD7 5,388,24,,,
1878,WF4 4,638,24,,,
1967,BD10 0,748,24,,,
2031,WF10 4,607,24,,,
2057,LA6 3,280,24,,,
2153,YO30 6,295,24,,,
2174,YO7 2,23,24,,,
2206,HD5 8,830,24,,,
2240,HU17 7,124,24,,,
2310,WF4 3,1193,24,,,
2391,YO31 8,1079,24,,,
2393,HX2 8,1107,24,,,
2394,WF4 4,305,24,,,
141,HU6 9,1865,25,,,
192,DL6 3,269,25,,,
236,DL8 2,143,25,,,
240,WF9 1,1368,25,,,
319,S36 8,479,25,,,
357,HU7 4,1031,25,,,
411,S5 6,94,25,,,
475,HX2 9,1754,25,,,
517,YO17 8,121,25,,,
557,HU2 0,536,25,,,
605,LS28 8,846,25,,,
669,HX3 7,1104,25,,,
711,S4 7,740,25,,,
814,BD18 2,1276,25,,,
820,YO25 9,136,25,,,
865,BD2 1,216,25,,,
891,YO13 0,824,25,,,
937,LS16 6,646,25,,,
949,LS9 9,864,25,,,
997,DN4 5,269,25,,,
1012,HU5 1,203,25,,,
1040,S25 4,1069,25,,,
1111,DN1 2,410,25,,,
1128,LS6 1,604,25,,,
1145,BD2 3,392,25,,,
1216,BD3 0,855,25,,,
1226,S2 1,512,25,,,
1238,BD21 4,295,25,,,
1297,BD6 1,530,25,,,
1430,DN2 4,1193,25,,,
1558,HD9 1,624,25,,,
1623,BD13 2,1387,25,,,
1792,BD3 7,436,25,,,
1891,DL8 2,546,25,,,
1918,S11 7,807,25,,,
1929,YO23 3,180,25,,,
1951,YO25 8,57,25,,,
2202,LS12 3,30,25,,,
2344,S65 2,1071,25,,,
2,DN11 0,1863,26,,,
162,BD13 1,326,26,,,
454,S63 6,1076,26,,,
538,WF8 2,172,26,,,
549,HU11 5,360,26,,,
613,LS8 1,1172,26,,,
789,S70 3,967,26,,,
811,BD4 6,393,26,,,
833,YO8 5,530,26,,,
895,HX1 3,606,26,,,
931,HG3 1,239,26,,,
950,HD6 2,1367,26,,,
1003,YO30 6,1336,26,,,
1009,DN2 4,466,26,,,
1051,S62 7,187,26,,,
1062,WF4 4,611,26,,,
1063,YO61 1,72,26,,,
1069,WF7 6,1453,26,,,
1073,S64 0,250,26,,,
1094,WF1 2,514,26,,,
1164,HU9 5,1856,26,,,
1169,BD9 4,277,26,,,
1200,S66 3,1429,26,,,
1265,LS24 9,1104,26,,,
1316,BD3 9,814,26,,,
1379,HX7 5,426,26,,,
1497,LS12 2,1313,26,,,
1720,HU7 0,384,26,,,
1806,BD2 3,286,26,,,
1844,HU8 0,1963,26,,,
1850,LS15 8,1398,26,,,
1866,S66 8,378,26,,,
1950,BD5 8,546,26,,,
1992,YO10 5,644,26,,,
2093,WF6 2,1203,26,,,
2106,BD21 3,392,26,,,
2148,HU17 8,171,26,,,
2181,HD2 1,715,26,,,
2239,BD22 9,367,26,,,
2318,LS17 0,232,26,,,
2376,DN9 2,701,26,,,
12,YO31 0,103,27,,,
65,BD17 6,1003,27,,,
104,LS6 1,352,27,,,
126,WF10 4,428,27,,,
165,S63 8,1055,27,,,
288,DN5 7,152,27,,,
352,HD2 2,514,27,,,
380,WF4 2,583,27,,,
472,DN5 0,763,27,,,
537,S70 6,807,27,,,
545,LS25 5,289,27,,,
566,YO17 8,139,27,,,
572,WF14 8,884,27,,,
598,YO8 5,412,27,,,
637,LS9 7,1716,27,,,
717,HD4 5,563,27,,,
902,HD5 8,47,27,,,
1002,HU6 9,1310,27,,,
1013,HD1 1,80,27,,,
1226,S12 2,56,27,,,
1305,HX6 1,1097,27,,,
1373,BD21 3,36,27,,,
1459,HG3 2,435,27,,,
1495,HX3 9,773,27,,,
1543,LS9 0,1501,27,,,
1557,HX4 8,1280,27,,,
1641,DL10 7,448,27,,,
1656,YO8 9,805,27,,,
1665,S17 3,737,27,,,
1809,DL8 4,83,27,,,
1853,S61 3,1322,27,,,
1916,S63 8,784,27,,,
1960,YO21 3,57,27,,,
2073,HG3 1,468,27,,,
2082,WF6 1,1086,27,,,
2171,HD9 7,71,27,,,
2256,BD9 4,161,27,,,
2284,HU8 7,499,27,,,
2317,S11 9,654,27,,,
2337,BD5 9,1081,27,,,
120,WF2 0,1094,28,,,
311,LS26 0,1854,28,,,
332,HU5 5,1224,28,,,
333,HG3 4,217,28,,,
346,HD8 8,465,28,,,
401,YO62 4,156,28,,,
574,DL11 6,135,28,,,
615,S8 0,1017,28,,,
750,YO25 4,124,28,,,
909,HD1 5,323,28,,,
926,YO13 0,525,28,,,
1153,DL6 1,1289,28,,,
1174,WF16 0,72,28,,,
1218,LS6 1,1171,28,,,
1286,BD10 0,782,28,,,
1373,BD21 5,38,28,,,
1382,LS6 2,148,28,,,
1490,DL9 3,302,28,,,
1506,LS16 5,446,28,,,
1537,HX1 3,663,28,,,
1553,HU9 4,1564,28,,,
1590,WF1 2,896,28,,,
1597,HD4 6,210,28,,,
1613,HU4 6,1254,28,,,
1710,WF1 2,84,28,,,
1718,S10 1,1271,28,,,
1724,S10 3,723,28,,,
1746,HD9 2,663,28,,,
1766,LS12 3,44,28,,,
1925,S13 8,1116,28,,,
1931,WF17 8,453,28,,,
1973,WF3 3,1048,28,,,
2000,LS14 3,294,28,,,
2068,BD24 0,137,28,,,
2072,S9 4,419,28,,,
2216,S65 3,466,28,,,
2230,HU4 7,1935,28,,,
2258,YO26 4,945,28,,,
2293,WF2 0,798,28,,,
2304,BD3 0,929,28,,,
2343,S6 3,158,28,,,
2416,DL6 1,131,28,,,
2423,WF8 2,1461,28,,,
2427,HG4 4,127,28,,,
24,HD8 0,926,29,,,
253,HG2 9,541,29,,,
314,HU9 1,422,29,,,
327,S5 8,1803,29,,,
347,YO42 1,81,29,,,
348,S71 1,1149,29,,,
378,LS14 6,1526,29,,,
439,S66 2,269,29,,,
508,HG3 3,120,29,,,
520,S61 1,734,29,,,
548,LS11 7,502,29,,,
577,WF1 3,858,29,,,
702,WF8 4,1252,29,,,
707,YO24 4,340,29,,,
767,DL8 3,220,29,,,
794,HU9 3,681,29,,,
935,HD5 8,832,29,,,
997,DN2 6,661,29,,,
1319,LS3 1,768,29,,,
1458,S72 8,1541,29,,,
1467,WF6 2,1457,29,,,
1592,BD4 6,306,29,,,
1605,YO25 3,64,29,,,
1644,HX6 4,440,29,,,
1747,HX5 0,684,29,,,
1772,DN6 0,56,29,,,
1854,HD9 4,454,29,,,
1946,HG5 9,693,29,,,
1953,YO21 2,56,29,,,
1957,WF2 8,363,29,,,
2043,YO62 6,83,29,,,
2054,WF10 2,275,29,,,
2119,HU5 5,220,29,,,
2172,S72 8,787,29,,,
2186,S5 0,1201,29,,,
2259,S62 5,1172,29,,,
2288,HX3 0,1115,29,,,
2321,BD6 2,773,29,,,
2346,BD24 0,340,29,,,
2365,S25 2,393,29,,,
2369,YO21 1,396,29,,,
2373,WF5 0,953,29,,,
22,YO13 9,81,30,,,
82,BD2 3,614,30,,,
100,S7 2,925,30,,,
133,HU12 9,772,30,,,
166,S10 2,607,30,,,
196,LS26 8,1923,30,,,
352,HD1 6,381,30,,,
528,BD6 2,1269,30,,,
547,S36 9,430,30,,,
553,YO26 8,172,30,,,
775,S10 2,186,30,,,
923,DN14 7,101,30,,,
1052,YO43 4,48,30,,,
1056,LS27 7,1516,30,,,
1110,HG4 3,46,30,,,
1156,WF1 2,780,30,,,
1159,LS15 4,1069,30,,,
1327,LS9 9,828,30,,,
1345,S13 8,1839,30,,,
1425,HD4 5,1128,30,,,
1442,DL7 0,258,30,,,
1532,LS17 6,1246,30,,,
1561,S65 2,1056,30,,,
1611,WF12 7,1279,30,,,
1845,BD3 7,660,30,,,
1877,WF16 9,160,30,,,
1930,DN6 8,1875,30,,,
1953,TS13 5,59,30,,,
1976,WF2 7,410,30,,,
2085,HD8 8,310,30,,,
2107,YO13 9,115,30,,,
2271,YO23 3,251,30,,,
2358,BD16 1,568,30,,,
2359,YO26 8,239,30,,,
2413,S9 4,133,30,,,
31,BD21 5,418,31,,,
37,DN5 0,619,31,,,
67,YO7 2,148,31,,,
146,DL7 8,1023,31,,,
168,WF2 0,1426,31,,,
198,DN17 4,351,31,,,
225,HU12 9,91,31,,,
368,HG5 0,149,31,,,
449,HX3 0,1189,31,,,
697,HU13 9,359,31,,,
752,BD1 4,114,31,,,
755,S6 6,119,31,,,
771,YO61 4,133,31,,,
783,BD13 2,1283,31,,,
866,WF16 0,501,31,,,
896,DL8 5,217,31,,,
925,S61 2,618,31,,,
976,HD6 3,660,31,,,
1005,LS21 2,1726,31,,,
1082,S11 9,624,31,,,
1207,HG2 8,1379,31,,,
1242,LS29 0,967,31,,,
1306,WF11 9,998,31,,,
1358,YO22 5,652,31,,,
1377,HD3 4,908,31,,,
1511,S12 2,699,31,,,
1537,HX1 4,283,31,,,
1621,HG3 2,37,31,,,
1629,YO30 2,525,31,,,
1716,YO41 1,122,31,,,
1860,BD16 1,1402,31,,,
1936,YO14 0,1109,31,,,
1963,LS17 7,1555,31,,,
2070,BD20 7,749,31,,,
2086,BD7 3,480,31,,,
2088,BD5 9,1068,31,,,
2099,S10 1,478,31,,,
2109,LS28 5,1475,31,,,
2132,S72 0,1102,31,,,
2338,LS13 3,592,31,,,
2350,S8 8,1212,31,,,
2364,HG5 8,246,31,,,
48,S64 8,1496,32,,,
169,YO51 9,295,32,,,
172,DN5 9,771,32,,,
227,WF5 8,465,32,,,
257,YO43 3,578,32,,,
466,HX3 8,272,32,,,
585,S2 2,92,32,,,
628,YO62 5,87,32,,,
631,WF7 7,1164,32,,,
646,S70 1,843,32,,,
715,DN9 2,223,32,,,
744,YO41 1,129,32,,,
885,HD1 4,27,32,,,
903,LS23 6,1159,32,,,
936,BB18 6,946,32,,,
962,HU11 4,206,32,,,
987,YO25 4,183,32,,,
1042,S71 2,1647,32,,,
1054,LS25 4,834,32,,,
1094,WF1 3,352,32,,,
1171,YO13 9,725,32,,,
1182,WF2 6,1396,32,,,
1239,HG4 4,67,32,,,
1578,S73 9,1537,32,,,
1582,LS12 4,534,32,,,
1652,YO11 3,109,32,,,
1653,S3 9,521,32,,,
1948,WF9 4,821,32,,,
1985,LS19 6,665,32,,,
2027,BD10 8,421,32,,,
2131,LS9 6,1444,32,,,
2188,S8 7,205,32,,,
2199,LS17 7,1457,32,,,
2265,S11 8,374,32,,,
2355,WF3 3,930,32,,,
2370,S65 4,912,32,,,
88,HG3 3,197,33,,,
129,LS18 5,641,33,,,
166,S3 7,688,33,,,
173,S17 4,297,33,,,
249,YO22 5,69,33,,,
256,DN4 0,527,33,,,
264,HD5 0,1139,33,,,
294,YO11 3,166,33,,,
352,HD1 5,59,33,,,
459,LA2 7,122,33,,,
522,HG4 2,510,33,,,
720,WF4 1,1040,33,,,
884,WF1 5,714,33,,,
1039,YO42 1,89,33,,,
1065,S71 3,170,33,,,
1072,BD12 8,695,33,,,
1089,S35 8,1045,33,,,
1136,HU3 6,722,33,,,
1142,HU5 3,1285,33,,,
1198,S65 4,1239,33,,,
1247,HU17 0,499,33,,,
1267,YO19 6,138,33,,,
1383,DN4 7,2360,33,,,
1394,YO42 1,174,33,,,
1396,HX1 2,425,33,,,
1455,S65 2,992,33,,,
1481,DL11 7,184,33,,,
1502,LS28 5,997,33,,,
1565,LS16 9,392,33,,,
1568,LS15 7,1409,33,,,
1659,YO12 6,1380,33,,,
1696,S9 1,1251,33,,,
1711,HG3 1,144,33,,,
1797,OL14 7,199,33,,,
1854,HD9 5,571,33,,,
2020,BD18 3,406,33,,,
2200,S9 4,183,33,,,
2280,HD1 5,323,33,,,
2320,S5 6,1081,33,,,
2392,YO25 3,127,33,,,
139,BD13 3,241,34,,,
159,YO23 3,1741,34,,,
176,BB18 6,981,34,,,
592,LS10 3,989,34,,,
609,HX6 2,846,34,,,
667,HD4 5,769,34,,,
695,S9 5,59,34,,,
863,LS8 3,609,34,,,
882,WF10 5,429,34,,,
1047,WF4 4,409,34,,,
1081,S75 1,474,34,,,
1179,HG3 5,146,34,,,
1314,WF2 8,767,34,,,
1406,HU17 7,777,34,,,
1422,YO14 0,142,34,,,
1433,S70 2,330,34,,,
1505,S35 7,147,34,,,
1525,YO22 4,71,34,,,
1630,LS13 1,923,34,,,
1740,BD4 7,117,34,,,
1740,BD4 9,138,34,,,
2025,LA2 8,219,34,,,
2033,BB18 6,764,34,,,
2073,LS22 4,277,34,,,
2124,HX3 6,787,34,,,
2166,DN6 0,1106,34,,,
2178,YO24 1,720,34,,,
2252,DL7 9,390,34,,,
2256,BD8 7,403,34,,,
2281,WF15 7,1467,34,,,
2364,HG2 7,516,34,,,
150,DL10 6,371,35,,,
309,DN4 8,993,35,,,
343,HU6 9,818,35,,,
501,S2 1,519,35,,,
557,HU5 1,24,35,,,
850,LS17 8,928,35,,,
1045,LS16 6,1437,35,,,
1157,S61 2,953,35,,,
1176,HD7 5,1150,35,,,
1196,LS21 2,79,35,,,
1202,HD1 6,257,35,,,
1321,HD4 7,526,35,,,
1485,YO7 3,135,35,,,
1514,DN5 7,1389,35,,,
1521,LS10 2,791,35,,,
1531,YO21 2,263,35,,,
1552,S74 9,508,35,,,
1779,S17 3,1279,35,,,
1798,YO13 0,71,35,,,
1857,BD10 9,321,35,,,
1898,WF12 0,1174,35,,,
2088,BD5 8,32,35,,,
2168,LS25 3,592,35,,,
2215,BB18 5,1166,35,,,
2235,WF17 6,468,35,,,
2285,HU12 9,419,35,,,
2388,LA6 3,183,35,,,
2397,S71 4,1836,35,,,
2432,LA2 8,127,35,,,
62,WF1 5,493,36,,,
73,DN3 3,1000,36,,,
85,LS27 0,978,36,,,
137,WF2 9,843,36,,,
297,S62 7,1785,36,,,
421,DN14 5,1090,36,,,
564,HX3 6,276,36,,,
652,HG4 1,309,36,,,
713,DN4 6,1634,36,,,
888,YO7 4,89,36,,,
944,YO17 9,503,36,,,
948,LS11 0,653,36,,,
1030,YO41 4,331,36,,,
1080,BD5 7,292,36,,,
1137,HX2 0,1180,36,,,
1266,BD9 5,80,36,,,
1310,LS13 3,1346,36,,,
1407,YO61 4,122,36,,,
1647,S35 0,1291,36,,,
1668,YO25 9,97,36,,,
1740,BD4 6,151,36,,,
1835,YO12 4,85,36,,,
1869,WF10 2,222,36,,,
2136,HU8 9,2353,36,,,
19,YO61 2,381,37,,,
99,S13 7,1255,37,,,
106,YO12 5,222,37,,,
181,DN8 5,2004,37,,,
207,HU5 3,556,37,,,
365,S6 6,830,37,,,
367,S36 7,444,37,,,
400,WF7 7,976,37,,,
478,HG4 4,90,37,,,
488,LS14 6,1153,37,,,
539,YO19 6,554,37,,,
552,DN4 0,1244,37,,,
621,LS22 5,908,37,,,
772,YO1 7,646,37,,,
852,S26 5,1507,37,,,
861,HD4 6,1247,37,,,
863,LS8 5,697,37,,,
995,BD23 6,440,37,,,
1073,S64 9,1184,37,,,
1126,BD19 3,1437,37,,,
1260,HD1 3,186,37,,,
1560,LS6 4,498,37,,,
1805,S2 4,150,37,,,
1913,YO42 1,72,37,,,
1928,S3 9,691,37,,,
2021,WF17 0,1972,37,,,
2100,WF6 2,1468,37,,,
2135,LS14 6,844,37,,,
2197,BD17 5,465,37,,,
2204,DL6 1,639,37,,,
2243,LS16 5,1224,37,,,
2391,YO31 7,909,37,,,
2392,YO25 9,345,37,,,
2412,S63 0,480,37,,,
6,DN2 4,58,38,,,
68,WF4 2,1377,38,,,
283,S66 7,1168,38,,,
363,S5 9,1779,38,,,
376,YO25 5,2530,38,,,
619,LS10 2,281,38,,,
759,WF8 4,39,38,,,
796,LS28 8,1349,38,,,
803,S25 2,1068,38,,,
1080,BD5 0,1645,38,,,
1168,HG3 1,273,38,,,
1183,DN5 8,2071,38,,,
1186,BB18 6,547,38,,,
1308,LS11 6,994,38,,,
1412,LS18 5,616,38,,,
1448,S71 4,800,38,,,
1513,HG3 2,145,38,,,
1596,S26 7,739,38,,,
1620,LS11 5,704,38,,,
1677,DN4 0,44,38,,,
1807,YO14 0,79,38,,,
1833,HU15 2,857,38,,,
1879,HU9 3,1013,38,,,
1880,LS4 2,741,38,,,
1927,YO22 5,191,38,,,
1958,WF4 3,986,38,,,
1990,DN7 4,1934,38,,,
2035,S60 5,1083,38,,,
2122,DL10 4,126,38,,,
2385,S64 8,1333,38,,,
2402,YO13 0,41,38,,,
2427,DL8 1,162,38,,,
199,LS26 8,744,39,,,
238,S73 0,391,39,,,
248,DL8 2,222,39,,,
270,YO17 9,194,39,,,
353,LS9 6,1131,39,,,
454,S73 0,1299,39,,,
548,LS11 8,78,39,,,
658,DN8 4,778,39,,,
807,YO18 8,503,39,,,
819,DL8 2,666,39,,,
880,YO8 8,273,39,,,
1083,HU14 3,1424,39,,,
1268,HX2 0,656,39,,,
1356,LS5 3,2233,39,,,
1380,LS6 4,676,39,,,
1516,WF13 4,1596,39,,,
1535,HU9 4,1829,39,,,
1541,WF13 2,224,39,,,
1636,LS12 2,171,39,,,
1649,BD16 3,2357,39,,,
1690,S71 5,270,39,,,
1747,HX5 9,347,39,,,
1932,YO8 4,24,39,,,
1999,DL10 7,530,39,,,
2191,YO15 1,215,39,,,
2237,HD7 4,1095,39,,,
2289,BD23 3,149,39,,,
2406,LS25 1,1554,39,,,
3,YO18 7,49,40,,,
47,LS28 6,71,40,,,
79,LS15 7,770,40,,,
116,LS8 3,1186,40,,,
188,S64 5,1028,40,,,
431,WF17 6,866,40,,,
591,HU17 9,547,40,,,
626,HG4 5,340,40,,,
667,HD3 4,402,40,,,
752,BD3 9,138,40,,,
766,HX3 6,1081,40,,,
923,HU15 2,1054,40,,,
941,LS6 1,1133,40,,,
958,BD22 8,408,40,,,
965,HD5 8,1472,40,,,
1067,HD3 3,852,40,,,
1082,S11 8,414,40,,,
1254,BD23 6,120,40,,,
1269,HU12 0,225,40,,,
1341,LS8 5,819,40,,,
1355,S35 2,670,40,,,
1454,LS8 5,690,40,,,
1484,YO13 0,408,40,,,
1587,YO31 8,1337,40,,,
1588,HU12 9,1289,40,,,
1805,S7 1,271,40,,,
1921,DL9 4,845,40,,,
2077,DN4 9,1563,40,,,
2158,DN4 0,1152,40,,,
2318,LS21 1,926,40,,,
2318,LS21 2,97,40,,,
2324,S8 0,66,40,,,
2332,BD5 0,72,40,,,
2408,OL14 7,144,40,,,
171,S7 2,91,41,,,
224,BD20 9,937,41,,,
262,S66 2,628,41,,,
269,YO24 4,871,41,,,
300,LS8 2,1169,41,,,
302,HD8 9,700,41,,,
360,YO62 6,249,41,,,
457,YO25 4,1079,41,,,
593,DL8 1,314,41,,,
604,YO30 5,1151,41,,,
753,YO7 3,63,41,,,
845,S14 1,1268,41,,,
902,HD5 9,1484,41,,,
992,BD12 9,1370,41,,,
994,YO62 5,103,41,,,
1199,BD10 9,1022,41,,,
1203,S6 4,1715,41,,,
1264,YO24 1,1629,41,,,
1274,LS7 3,500,41,,,
1301,LS22 4,165,41,,,
1625,HU11 4,256,41,,,
1675,BD13 1,1048,41,,,
1752,WF7 5,1225,41,,,
1786,S17 4,1377,41,,,
1891,DL7 9,318,41,,,
1962,HU6 7,2378,41,,,
2076,S35 7,732,41,,,
2080,DL8 4,231,41,,,
2134,HU14 3,252,41,,,
2342,BD2 2,1230,41,,,
103,LS6 2,751,42,,,
154,HX3 9,966,42,,,
185,HU3 2,1339,42,,,
250,BD3 0,1061,42,,,
285,S81 8,898,42,,,
304,S74 8,1278,42,,,
489,DN14 9,831,42,,,
509,YO16 4,249,42,,,
568,YO11 2,626,42,,,
897,LS9 8,2025,42,,,
1167,BD19 4,285,42,,,
1195,S63 0,1299,42,,,
1534,LS29 8,700,42,,,
1609,YO17 7,1308,42,,,
1651,HU10 6,406,42,,,
1693,HU12 0,419,42,,,
1697,DL8 3,230,42,,,
1716,YO19 5,83,42,,,
1801,S35 4,1669,42,,,
1873,DN9 1,477,42,,,
1998,WF12 8,936,42,,,
2032,YO25 8,188,42,,,
2108,WF9 4,948,42,,,
2141,LS28 9,1829,42,,,
2165,HU10 7,2067,42,,,
2261,YO15 3,805,42,,,
2356,WF2 9,209,42,,,
121,DL10 5,415,43,,,
194,WF14 0,1508,43,,,
299,S36 1,164,43,,,
447,YO12 4,811,43,,,
540,WF2 7,569,43,,,
562,S64 9,1625,43,,,
602,WF15 7,978,43,,,
726,YO42 2,541,43,,,
754,HG5 9,160,43,,,
776,HU11 5,738,43,,,
796,LS28 7,142,43,,,
821,BD6 3,899,43,,,
985,HD8 8,275,43,,,
1007,DL8 5,124,43,,,
1154,BD9 5,589,43,,,
1298,BD19 6,1260,43,,,
1709,S2 2,642,43,,,
1827,YO60 7,181,43,,,
1834,WF9 1,1402,43,,,
1875,LS11 6,807,43,,,
2401,HG3 2,625,43,,,
58,DN1 2,770,44,,,
171,S7 1,214,44,,,
359,S10 2,65,44,,,
561,DN2 5,814,44,,,
865,BD9 4,669,44,,,
894,HX2 9,1440,44,,,
922,S70 4,1651,44,,,
936,BB18 5,915,44,,,
1161,BD8 8,196,44,,,
1236,LS12 1,664,44,,,
1297,BD12 0,670,44,,,
1374,HU8 0,1636,44,,,
1415,DN1 2,769,44,,,
1441,S2 1,1451,44,,,
1447,LS11 7,840,44,,,
1478,LS8 2,647,44,,,
1584,HD2 1,1389,44,,,
1708,WF11 8,767,44,,,
2255,HU4 7,1262,44,,,
2263,DN7 4,716,44,,,
2390,YO13 9,84,44,,,
2421,HU17 8,1693,44,,,
162,BD13 2,477,45,,,
173,S8 7,480,45,,,
184,S71 1,236,45,,,
281,BD5 9,658,45,,,
377,LS17 5,1309,45,,,
708,YO42 4,455,45,,,
719,WF13 4,1270,45,,,
727,YO8 8,379,45,,,
1126,BD19 5,275,45,,,
1451,S10 2,211,45,,,
1512,LS11 8,1018,45,,,
1610,HU5 5,2487,45,,,
1706,WF5 0,1544,45,,,
1769,LS27 9,543,45,,,
1925,S13 9,611,45,,,
1947,YO25 4,441,45,,,
2012,WF4 3,1388,45,,,
2048,HD3 3,882,45,,,
2069,DN1 3,484,45,,,
2084,HX3 6,916,45,,,
193,HD6 2,1983,46,,,
208,YO16 7,587,46,,,
230,S11 7,625,46,,,
581,LS28 8,963,46,,,
693,LS26 8,850,46,,,
774,LS15 7,515,46,,,
847,DN14 7,310,46,,,
870,HX3 5,1326,46,,,
1141,S3 7,446,46,,,
1199,BD10 8,831,46,,,
1215,HU5 4,2170,46,,,
1252,WF10 3,1788,46,,,
1348,YO11 3,1263,46,,,
1384,YO8 3,940,46,,,
1386,BD22 9,1004,46,,,
1530,LS8 4,606,46,,,
1642,WF13 2,470,46,,,
2039,LS11 9,680,46,,,
2156,YO32 9,1442,46,,,
2280,HD1 4,753,46,,,
2349,LS12 4,107,46,,,
2422,HD1 4,1119,46,,,
682,HX3 9,1632,47,,,
961,S2 1,999,47,,,
1082,S7 1,1216,47,,,
1232,S14 1,502,47,,,
1511,S14 1,422,47,,,
1604,LS12 3,1026,47,,,
1643,LS18 5,121,47,,,
1849,S70 2,454,47,,,
2055,HU5 1,1010,47,,,
2117,S75 5,1152,47,,,
2176,BD13 4,1168,47,,,
5,YO25 9,239,48,,,
27,BD8 0,1095,48,,,
205,BD9 5,595,48,,,
387,BD8 7,314,48,,,
416,BD13 5,1107,48,,,
435,S12 2,2468,48,,,
510,S75 4,611,48,,,
805,WF4 2,942,48,,,
835,BD4 9,296,48,,,
874,BD20 6,1548,48,,,
986,LS15 4,1090,48,,,
1244,YO62 7,95,48,,,
1263,YO30 6,706,48,,,
1381,YO22 5,397,48,,,
1401,S8 0,1111,48,,,
1411,BD23 4,653,48,,,
1494,HD6 4,679,48,,,
1581,LS6 2,369,48,,,
1625,HU11 5,179,48,,,
1906,LS19 6,1136,48,,,
1974,LS27 9,1718,48,,,
2092,YO15 1,495,48,,,
2298,BD12 0,576,48,,,
2359,YO26 9,398,48,,,
2366,LS29 7,1937,48,,,
2418,DL8 4,432,48,,,
155,S73 9,841,49,,,
193,HD6 4,565,49,,,
246,HG1 4,2547,49,,,
794,HU8 9,421,49,,,
875,YO10 3,1188,49,,,
928,HU16 5,354,49,,,
1035,YO7 4,220,49,,,
1100,DL10 7,974,49,,,
1266,BD8 9,1148,49,,,
1398,WF17 8,271,49,,,
1540,YO23 2,1374,49,,,
1648,BD11 1,1064,49,,,
1705,WF1 5,668,49,,,
1897,YO42 2,1020,49,,,
1914,DN11 9,815,49,,,
2187,LS26 9,1730,49,,,
2200,S9 5,758,49,,,
2363,S63 7,520,49,,,
161,LS14 2,230,50,,,
197,DL6 2,115,50,,,
216,HX2 6,819,50,,,
586,S61 4,1009,50,,,
1160,HG1 2,730,50,,,
1478,LS8 1,747,50,,,
1902,S75 2,1679,50,,,
2205,WF7 6,552,50,,,
2229,DL7 0,221,50,,,
2295,YO61 1,347,50,,,
2355,WF1 2,218,50,,,
82,BD2 4,488,51,,,
323,LS24 9,617,51,,,
661,BD11 1,977,51,,,
921,LS25 2,93,51,,,
942,BD7 2,852,51,,,
1307,BD5 8,1075,51,,,
1340,YO60 6,218,51,,,
1510,YO19 6,502,51,,,
1545,TS13 5,726,51,,,
1547,S13 9,363,51,,,
1631,DL10 6,305,51,,,
2080,DL8 3,215,51,,,
2128,DN7 5,257,51,,,
2143,LS28 9,953,51,,,
272,S66 9,1174,52,,,
419,S75 3,570,52,,,
623,HU15 2,1006,52,,,
779,WF1 4,287,52,,,
818,WF6 1,1694,52,,,
1035,DL8 2,273,52,,,
1192,DN14 7,71,52,,,
1325,HU3 2,193,52,,,
1489,WF1 5,976,52,,,
1704,HD1 3,209,52,,,
1841,WF3 4,2238,52,,,
1913,YO41 5,355,52,,,
2018,S60 2,620,52,,,
2032,HU11 5,362,52,,,
2079,DL10 6,434,52,,,
2197,BD17 6,517,52,,,
2301,HU4 6,2815,52,,,
2368,YO11 3,1159,52,,,
2419,YO8 6,808,52,,,
185,HU3 3,550,53,,,
366,HX4 8,475,53,,,
373,S75 5,1753,53,,,
399,HD9 7,688,53,,,
492,DN12 1,874,53,,,
834,HD9 4,479,53,,,
913,YO25 3,313,53,,,
914,HU19 2,270,53,,,
1531,YO21 1,186,53,,,
1699,HU11 4,661,53,,,
1827,YO17 9,151,53,,,
1939,S72 8,1467,53,,,
2081,WF2 8,878,53,,,
2171,HD9 2,318,53,,,
2234,WF4 5,1298,53,,,
16,HU3 1,528,54,,,
226,YO8 6,517,54,,,
314,HU8 7,367,54,,,
474,S6 1,887,54,,,
484,S63 6,1392,54,,,
542,S12 2,683,54,,,
610,WF10 1,383,54,,,
1012,HU5 2,656,54,,,
1025,YO8 6,544,54,,,
1029,HU14 3,1802,54,,,
1055,YO25 9,477,54,,,
1580,S35 9,603,54,,,
1684,HX3 7,960,54,,,
1741,YO7 4,510,54,,,
1831,BD1 2,35,54,,,
1876,HU5 1,987,54,,,
2101,DN6 9,1868,54,,,
2391,YO1 7,104,54,,,
101,BD5 0,447,55,,,
259,YO17 6,115,55,,,
329,BD18 3,408,55,,,
440,YO30 4,1054,55,,,
558,S10 5,1118,55,,,
787,YO23 2,194,55,,,
1009,DN3 2,2386,55,,,
1104,WF15 8,1999,55,,,
1572,LS7 3,347,55,,,
1582,LS12 6,537,55,,,
1869,WF10 1,35,55,,,
2111,LS9 6,1246,55,,,
2225,YO60 6,401,55,,,
2386,YO7 1,1435,55,,,
210,LS12 1,1059,56,,,
392,DN6 0,168,56,,,
444,S60 5,1804,56,,,
828,LS6 2,1542,56,,,
1006,S6 4,744,56,,,
1065,S71 1,312,56,,,
1077,YO8 4,1661,56,,,
1174,WF16 9,1319,56,,,
1357,S3 7,45,56,,,
1646,HD7 6,900,56,,,
1966,YO11 2,1498,56,,,
2042,HD8 8,984,56,,,
11,WF13 3,1256,57,,,
54,HU7 4,498,57,,,
61,YO62 7,49,57,,,
76,WF8 2,2215,57,,,
203,LS29 0,767,57,,,
519,S66 7,1292,57,,,
565,YO32 3,1887,57,,,
1030,YO41 5,748,57,,,
1122,BD23 4,227,57,,,
1235,YO10 4,1431,57,,,
1282,BD22 0,915,57,,,
1375,HU3 5,616,57,,,
1500,HU17 0,628,57,,,
1688,WF17 8,491,57,,,
1698,HD1 6,274,57,,,
1994,S74 9,683,57,,,
2250,HU5 3,130,57,,,
2353,HU2 8,248,57,,,
122,HD8 9,748,58,,,
212,BD8 9,870,58,,,
388,YO23 7,419,58,,,
390,BD16 4,517,58,,,
518,HD3 3,620,58,,,
557,HU3 1,167,58,,,
762,S35 2,392,58,,,
994,YO62 7,376,58,,,
1150,YO42 4,95,58,,,
1222,DN8 4,1070,58,,,
1233,LS29 6,2069,58,,,
1666,WF10 5,1258,58,,,
201,DN2 5,1267,59,,,
253,HG3 1,167,59,,,
314,HU9 2,157,59,,,
379,HU7 3,2920,59,,,
481,HX3 7,950,59,,,
733,HG4 5,519,59,,,
778,S60 2,598,59,,,
818,WF6 2,99,59,,,
957,YO21 3,1201,59,,,
1057,LS24 9,822,59,,,
1107,BD3 9,451,59,,,
1160,HG1 3,3008,59,,,
1482,S65 1,296,59,,,
1554,HX7 7,175,59,,,
1556,S7 2,777,59,,,
1579,LS27 9,760,59,,,
1828,DN14 7,274,59,,,
2413,S9 3,749,59,,,
97,HX7 5,766,60,,,
318,WF9 2,1655,60,,,
386,S70 5,1736,60,,,
722,YO14 0,417,60,,,
966,LS2 9,562,60,,,
1123,WF1 4,2030,60,,,
1323,WF9 4,1631,60,,,
1670,S70 5,1613,60,,,
1823,YO11 1,287,60,,,
1838,BD3 9,212,60,,,
2173,S63 0,1466,60,,,
2196,LS9 6,993,60,,,
2214,BD16 2,1075,60,,,
80,S75 3,1546,61,,,
275,HX7 6,233,61,,,
725,LS24 8,1204,61,,,
886,YO25 9,345,61,,,
2009,YO10 5,452,61,,,
2309,LS9 7,331,61,,,
2351,LS4 2,1361,61,,,
2405,YO22 4,210,61,,,
680,S3 9,760,62,,,
705,WF4 1,1467,62,,,
748,LS25 2,1341,62,,,
784,WF5 9,1431,62,,,
996,LS8 5,255,62,,,
1118,WF10 2,971,62,,,
1294,YO26 5,3778,62,,,
1450,YO42 4,332,62,,,
1757,BD4 7,1501,62,,,
1953,YO21 3,130,62,,,
2041,BD3 8,644,62,,,
2286,DN9 1,1123,62,,,
2346,BD24 9,425,62,,,
163,LS9 8,952,63,,,
220,HU8 7,243,63,,,
398,BD16 1,1002,63,,,
482,BD4 7,67,63,,,
597,HG1 4,722,63,,,
626,YO7 3,464,63,,,
655,HU10 6,946,63,,,
1048,WF3 1,2030,63,,,
1076,LS27 0,1558,63,,,
1955,LS29 8,26,63,,,
1957,WF2 9,25,63,,,
230,S10 3,1297,64,,,
1121,WF11 8,669,64,,,
1125,HG4 3,130,64,,,
1658,HG1 2,1282,64,,,
1767,HU12 8,476,64,,,
2038,DN17 3,1025,64,,,
2188,S8 0,524,64,,,
359,S10 3,239,65,,,
438,LS27 8,2601,65,,,
1437,YO12 6,1591,65,,,
1906,LS19 7,1464,65,,,
2348,LS19 7,883,65,,,
299,S36 2,642,66,,,
455,BD23 2,75,66,,,
549,HU17 5,1135,66,,,
1369,HD8 0,1203,66,,,
1416,DN14 6,970,66,,,
2170,S73 8,1284,66,,,
114,HX4 9,1231,67,,,
262,S66 1,1283,67,,,
1034,BD23 3,791,67,,,
1257,HU10 6,1870,67,,,
1717,WF9 3,1382,67,,,
1917,S6 3,752,67,,,
2357,S6 4,877,67,,,
13,HU1 3,175,68,,,
126,WF10 5,1734,68,,,
142,DN14 0,1340,68,,,
167,BD10 9,1705,68,,,
269,YO24 1,188,68,,,
625,HX5 9,184,68,,,
917,LS28 6,747,68,,,
945,WF4 1,80,68,,,
1043,YO18 7,272,68,,,
1141,S1 4,213,68,,,
1585,S60 1,466,68,,,
1662,LS20 9,1313,68,,,
1783,HX4 8,798,68,,,
2249,BD18 4,849,68,,,
2291,HX1 4,472,68,,,
2357,S6 1,810,68,,,
174,YO32 5,1174,69,,,
521,BD9 4,718,69,,,
597,HG2 7,629,69,,,
1072,BD12 9,879,69,,,
1086,DL6 2,889,69,,,
1727,S74 0,1688,69,,,
1810,DL6 2,123,69,,,
2226,LS28 5,817,69,,,
2305,S64 0,2397,69,,,
51,LS29 7,822,70,,,
534,S6 3,298,70,,,
1671,S70 1,762,70,,,
1721,HU12 0,341,70,,,
1816,BD15 7,1814,70,,,
2123,S3 7,412,70,,,
2382,DN4 0,893,70,,,
27,BD8 9,43,71,,,
314,HU9 3,126,71,,,
442,HU9 3,1285,71,,,
452,BD23 2,1955,71,,,
533,DN5 0,2046,71,,,
1629,YO61 1,382,71,,,
1820,S63 9,923,71,,,
2086,BD7 1,789,71,,,
2276,BD8 8,249,71,,,
792,LS10 4,1732,72,,,
920,S66 9,1529,72,,,
1116,LS8 5,558,72,,,
1307,BD5 7,1304,72,,,
1541,WF17 6,325,72,,,
19,YO61 1,116,73,,,
235,S70 6,1106,73,,,
410,WF11 8,456,73,,,
584,DN4 8,1995,73,,,
759,WF8 1,86,73,,,
1071,HU11 4,539,73,,,
1480,YO25 8,394,73,,,
2361,WF1 3,43,73,,,
2365,S25 4,218,73,,,
2428,WF14 9,1082,73,,,
263,YO22 4,1283,74,,,
522,HG4 1,742,74,,,
772,YO31 7,256,74,,,
867,LS9 7,458,74,,,
911,LS10 2,674,74,,,
1088,WF9 3,2296,74,,,
1238,BD21 3,32,74,,,
1429,S74 9,898,74,,,
1800,LS18 5,959,74,,,
2016,YO7 2,218,74,,,
2330,DN6 7,1341,74,,,
527,HG4 3,564,75,,,
697,HU13 0,609,75,,,
1702,S71 4,1926,75,,,
1745,YO12 7,1433,75,,,
1941,LS1 2,191,75,,,
2063,DL11 7,337,75,,,
2171,HD9 3,367,75,,,
43,YO62 6,379,76,,,
383,YO43 4,672,76,,,
514,DN14 0,477,76,,,
611,YO41 1,1560,76,,,
1004,DN12 1,1184,76,,,
1016,HU5 2,1098,76,,,
1111,DN2 4,1415,76,,,
1304,S9 1,1433,76,,,
1550,S9 5,772,76,,,
2263,DN7 5,1081,76,,,
2323,BD8 9,879,76,,,
448,DL11 6,451,77,,,
647,S3 8,458,77,,,
1048,WF3 2,1851,77,,,
1092,S13 7,1326,77,,,
1116,LS8 4,833,77,,,
1941,LS1 4,654,77,,,
2049,S73 0,345,77,,,
2217,HG4 4,629,77,,,
2256,BD8 8,555,77,,,
1206,HD2 1,1468,78,,,
1346,YO8 3,1217,78,,,
1629,YO30 1,346,78,,,
2043,YO17 6,156,78,,,
2126,HU17 9,28,78,,,
2317,S11 8,382,78,,,
106,YO12 7,829,79,,,
686,HU12 9,1114,79,,,
811,BD11 2,1499,79,,,
855,DL7 0,202,79,,,
867,LS2 7,847,79,,,
1253,BD14 6,1095,79,,,
1417,DN11 9,1601,79,,,
1487,HD1 4,884,79,,,
1835,YO17 8,522,79,,,
1894,DN7 6,676,79,,,
1905,HU17 9,771,79,,,
243,YO16 4,574,80,,,
376,YO25 6,675,80,,,
465,WF4 5,554,80,,,
507,LS13 4,1742,80,,,
1440,HX1 5,355,80,,,
1592,BD4 9,404,80,,,
1669,HX5 9,1168,80,,,
1776,DN7 5,1605,80,,,
1829,LS4 2,51,80,,,
1875,LS11 5,575,80,,,
2290,DN3 3,1665,80,,,
222,YO15 2,916,81,,,
535,HX1 2,238,81,,,
695,S9 3,181,81,,,
1167,BD19 3,297,81,,,
1468,HD1 4,1006,81,,,
1566,DN14 9,1394,81,,,
1594,DN8 4,2119,81,,,
2056,HX1 4,534,81,,,
2222,HU6 8,2359,81,,,
135,YO32 9,563,82,,,
279,LS13 2,1898,82,,,
340,HG1 5,588,82,,,
658,DN8 5,497,82,,,
1426,YO62 4,493,82,,,
1683,BD23 2,1167,82,,,
1760,S70 3,382,82,,,
1823,YO12 7,536,82,,,
2013,YO12 4,1046,82,,,
60,BD7 4,1140,83,,,
486,BD23 5,678,83,,,
532,S6 6,61,83,,,
585,S2 5,1459,83,,,
1223,S8 0,63,83,,,
1388,HD1 5,178,83,,,
1832,BD15 0,1603,83,,,
2104,LS27 9,94,83,,,
94,BD21 4,301,84,,,
131,HD8 9,744,84,,,
136,HG1 4,1086,84,,,
960,HU18 1,1735,84,,,
1275,HG1 5,647,84,,,
656,S26 4,1231,85,,,
1135,LS27 0,337,85,,,
1871,BD20 8,941,85,,,
1905,HU17 8,168,85,,,
2082,WF6 2,300,85,,,
2147,BD3 8,1282,85,,,
2284,HU8 8,1450,85,,,
342,YO23 1,1916,86,,,
461,HD1 3,787,86,,,
743,TS13 5,616,86,,,
757,S35 2,783,86,,,
1146,S9 1,1404,86,,,
1477,DN6 8,1251,86,,,
1799,DN9 3,1625,86,,,
2250,HU5 2,1396,86,,,
538,WF8 1,882,87,,,
600,S65 1,330,87,,,
1339,YO19 6,1199,87,,,
1571,YO17 6,316,87,,,
1695,S71 1,749,87,,,
2022,S61 1,790,87,,,
2075,LS7 4,1742,87,,,
465,WF4 6,1652,88,,,
1402,HU3 2,1469,88,,,
1613,HU13 9,406,88,,,
1822,DN17 4,1448,88,,,
355,S72 7,1229,89,,,
411,S4 8,1247,89,,,
752,BD1 5,540,89,,,
955,S63 7,1283,89,,,
977,BD6 3,2787,89,,,
1144,BB18 6,890,89,,,
1236,LS12 3,625,89,,,
1395,YO13 9,559,89,,,
1447,LS11 5,374,89,,,
1658,HG2 0,907,89,,,
1789,S2 4,284,89,,,
2008,YO12 7,364,89,,,
736,S60 2,82,90,,,
1766,LS12 4,1777,90,,,
1900,LS25 6,1917,90,,,
2177,DN14 5,1197,90,,,
2378,HU1 2,227,90,,,
889,YO16 4,48,91,,,
1456,S9 4,50,91,,,
1555,WF5 9,80,91,,,
1792,BD3 8,644,91,,,
2352,DN5 9,1451,91,,,
396,S10 1,988,92,,,
569,BD6 1,1047,92,,,
619,LS10 1,377,92,,,
666,HD1 6,248,92,,,
700,BD13 3,1584,92,,,
1398,WF17 9,447,92,,,
2375,YO22 4,673,92,,,
350,YO60 7,423,93,,,
981,WF10 1,973,93,,,
1689,LS26 0,522,93,,,
1817,YO18 8,102,93,,,
1858,HG3 5,561,93,,,
138,S7 1,1118,94,,,
200,HG2 8,694,94,,,
963,LS22 7,469,94,,,
1028,HD8 9,1015,94,,,
1546,S6 1,574,94,,,
1679,BD22 8,955,95,,,
2120,HG2 8,1260,96,,,
2208,DN12 3,1118,96,,,
2274,BD7 3,1001,96,,,
707,YO24 3,1928,97,,,
858,WF13 2,737,97,,,
1140,S63 9,1833,97,,,
1883,S75 6,1441,97,,,
2267,LA2 7,572,97,,,
31,BD21 1,1311,98,,,
2001,DN14 8,656,98,,,
2057,LA2 7,703,98,,,
70,YO62 6,1163,99,,,
947,LS12 5,988,99,,,
1359,DL6 2,426,99,,,
1819,HU6 7,1586,99,,,
2403,HU15 1,2844,99,,,
649,HG5 8,687,100,,,
1363,YO21 2,597,100,,,
1471,DN9 1,893,100,,,
1785,S5 6,1252,100,,,
779,WF1 1,55,101,,,
1238,BD21 1,503,101,,,
1452,HG2 7,2792,101,,,
1780,DL9 4,1742,101,,,
2347,YO60 7,357,101,,,
624,S72 8,1632,102,,,
406,S8 8,1010,103,,,
553,YO26 7,859,103,,,
836,DN14 8,1045,103,,,
1384,YO8 4,94,103,,,
1645,LS28 6,296,103,,,
201,DN2 4,335,104,,,
630,YO12 5,1251,104,,,
1241,S8 0,48,104,,,
1473,WF12 9,1495,104,,,
1643,LS18 4,562,104,,,
708,YO42 1,40,105,,,
1187,S71 5,1080,105,,,
1986,HU3 3,1440,105,,,
372,BD20 7,650,106,,,
389,YO32 9,158,106,,,
460,HX3 8,1874,106,,,
1036,LS18 4,1004,106,,,
1627,LS23 6,1294,106,,,
1322,HU4 6,747,107,,,
1562,YO17 8,772,107,,,
1803,HX6 3,619,107,,,
1970,LS24 9,864,107,,,
632,HX6 4,1479,108,,,
1764,HU7 4,2521,109,,,
2410,DN3 3,1916,109,,,
718,WF9 5,1957,110,,,
1971,YO10 4,1576,110,,,
2037,S6 2,657,110,,,
2201,S14 1,1167,110,,,
64,WF17 9,2015,111,,,
652,HG4 2,1347,111,,,
835,BD4 8,1833,111,,,
1017,DN3 1,3266,111,,,
17,BD19 4,2672,112,,,
841,HU13 0,1679,112,,,
1044,S65 1,1380,112,,,
1238,BD21 5,834,112,,,
1043,YO18 8,1529,113,,,
1736,HD7 5,164,113,,,
1932,YO8 8,1418,113,,,
2112,YO41 4,491,113,,,
2153,YO30 7,1156,113,,,
2408,OL14 5,401,114,,,
356,YO25 8,960,116,,,
459,LA6 3,810,116,,,
523,LS5 3,862,116,,,
549,YO25 8,602,116,,,
1049,LS6 3,1386,116,,,
2194,BD12 0,706,117,,,
940,HX1 3,1068,118,,,
1027,HU5 3,2455,118,,,
98,S35 9,985,119,,,
736,S60 1,127,119,,,
2049,S73 8,1436,119,,,
189,WF13 3,732,121,,,
208,YO16 4,2109,121,,,
310,YO18 7,950,121,,,
1325,HU1 2,852,121,,,
1992,YO10 3,1497,121,,,
2205,WF7 5,1363,121,,,
703,S6 5,1691,122,,,
1482,S60 2,384,122,,,
425,HD3 4,550,124,,,
2126,HU17 8,1324,124,,,
1935,S62 6,58,125,,,
2011,DN5 0,778,126,,,
426,S2 4,274,127,,,
565,YO32 2,745,127,,,
322,YO15 1,1284,128,,,
349,S75 1,1550,128,,,
928,HU16 4,2018,128,,,
1161,BD1 3,214,128,,,
1548,HG5 8,751,128,,,
1791,BD7 2,2379,128,,,
476,YO7 3,715,129,,,
734,S3 7,1119,129,,,
106,YO11 1,289,130,,,
213,WF2 7,35,131,,,
710,BD17 7,499,131,,,
1524,HD9 6,1613,131,,,
1725,HX1 5,1187,131,,,
1979,DL8 3,426,131,,,
2341,S11 8,1147,131,,,
286,HU3 1,1963,132,,,
275,HX7 8,222,133,,,
885,HD1 3,357,134,,,
2271,YO26 8,585,134,,,
1940,S2 4,690,135,,,
1115,S36 6,1703,136,,,
1161,BD8 7,419,136,,,
1728,HU12 8,2776,136,,,
1895,YO42 2,2113,136,,,
839,S70 1,1111,137,,,
1290,YO11 2,324,138,,,
113,WF15 6,1983,139,,,
681,LS21 1,969,139,,,
1262,WF9 2,1404,140,,,
749,WF4 5,515,141,,,
1357,S1 4,569,141,,,
1685,DN14 6,946,141,,,
2378,HU1 1,270,141,,,
678,DN12 4,1479,142,,,
819,DL8 1,1052,142,,,
853,WF14 8,391,142,,,
1472,HU3 6,2694,142,,,
1777,S25 2,1037,142,,,
175,HU15 2,1160,143,,,
1354,YO43 3,1044,143,,,
1587,YO31 7,1147,145,,,
1586,WF5 9,1250,146,,,
1840,YO1 6,978,146,,,
921,LS25 1,732,148,,,
1152,YO17 9,2352,148,,,
1185,S2 5,1055,148,,,
277,DN11 0,2680,149,,,
1332,BD19 5,766,149,,,
824,S64 8,966,150,,,
224,BD20 0,2589,152,,,
798,HU12 0,1155,152,,,
1905,HU17 0,933,152,,,
2431,S6 2,929,152,,,
747,HX6 2,1391,153,,,
1437,YO12 7,1608,153,,,
2182,WF5 8,1184,153,,,
1400,YO25 9,1031,156,,,
1872,S10 2,710,156,,,
2294,BD21 4,661,156,,,
2361,WF1 2,228,156,,,
625,HX5 0,1056,157,,,
1421,YO62 5,882,157,,,
831,HU9 1,1743,158,,,
1373,BD21 2,1467,158,,,
1548,HG5 0,1328,159,,,
417,LS20 8,1744,160,,,
1392,YO61 1,1038,160,,,
1332,BD19 3,683,161,,,
1709,S2 3,892,161,,,
1222,DN8 5,608,163,,,
2431,S6 4,664,164,,,
1399,DN10 6,1172,167,,,
260,BD24 9,1137,168,,,
1971,YO1 9,524,168,,,
2365,S25 3,791,168,,,
2143,LS28 7,618,169,,,
1729,YO43 4,1258,170,,,
2033,BB18 5,728,171,,,
2005,YO22 4,967,172,,,
1938,S11 8,832,173,,,
751,YO19 5,1539,175,,,
2246,LS27 7,1561,176,,,
1015,DN14 7,1950,177,,,
398,BD16 2,534,178,,,
1275,HG1 2,649,178,,,
2276,BD1 2,427,178,,,
1960,YO21 1,1539,185,,,
1444,LS15 8,2126,186,,,
1831,BD7 1,156,186,,,
641,YO42 4,539,187,,,
1317,S62 6,1762,187,,,
2104,LS27 8,898,188,,,
505,YO51 9,1237,193,,,
770,DN1 2,767,193,,,
1660,YO26 6,1882,194,,,
2203,LS19 7,1528,194,,,
657,LS29 8,2163,195,,,
2303,DL8 5,1325,201,,,
136,HG1 5,1810,202,,,
1479,WF1 1,359,202,,,
638,S71 3,32,203,,,
879,YO8 4,776,206,,,
455,BD23 1,933,207,,,
69,YO11 2,1346,209,,,
827,WF10 4,1665,209,,,
1617,BD23 1,1318,210,,,
1085,YO18 7,1463,212,,,
2257,S8 7,1379,213,,,
1259,HU18 1,2114,215,,,
1352,S8 7,1443,215,,,
1388,HD1 1,109,216,,,
2189,HU19 2,2961,219,,,
2266,WF1 1,452,219,,,
1877,WF16 0,318,221,,,
1955,LS29 9,1672,226,,,
1619,WF12 9,1128,227,,,
1318,WF8 1,45,232,,,
1600,YO21 3,1457,233,,,
2387,DL10 4,1152,239,,,
871,LS22 6,743,240,,,
1989,S64 9,679,240,,,
1201,YO14 9,1506,245,,,
2066,YO7 1,1255,248,,,
889,YO15 3,2044,249,,,
1046,BD18 3,486,254,,,
50,YO25 6,2084,256,,,
1290,YO11 1,530,274,,,
415,HG4 1,1607,277,,,
1874,YO61 3,2358,281,,,
2294,BD21 3,720,281,,,
1591,WF17 5,742,290,,,
420,YO17 7,608,316,,,
2416,DL7 8,1851,323,,,
681,LS21 3,1271,324,,,
1501,YO11 1,1199,336,,,
620,HX1 1,312,376,,,
858,WF13 1,433,399,,,
298,HD6 1,659,490,,,
1275,HG1 1,573,579,,,
