DMA,Area,Number Of Household Properties,Number Of Non-Household Properties
9,E4,7,6
26,S1,442,6
30,N2,416,6
160,S4,543,6
218,W1,472,6
344,S2,754,6
345,W4,598,6
384,E2,440,6
430,W4,946,6
512,E1,1409,6
513,W3,938,6
575,E3,30,6
763,E4,52,6
806,W1,48,6
881,W2,722,6
932,S1,548,6
990,W2,588,6
1059,S1,34,6
1102,S5,54,6
1117,W2,713,6
1132,W5,188,6
1149,W5,411,6
1177,N3,1080,6
1279,S3,870,6
1302,S4,640,6
1366,E3,508,6
1390,S2,822,6
1461,W5,289,6
1520,E5,53,6
1544,N1,157,6
1614,N5,83,6
1808,E5,615,6
1824,E4,24,6
1862,W2,417,6
2003,S3,31,6
2036,W5,365,6
2094,S3,807,6
2241,S3,1369,6
2283,S1,736,6
2328,S4,1160,6
2339,N1,43,6
2400,E1,60,6
2411,W1,255,6
108,S2,18,7
177,W1,35,7
178,N2,420,7
315,E5,1510,7
320,N3,281,7
599,S2,542,7
608,S4,495,7
685,W5,464,7
761,S1,854,7
1106,W2,917,7
1173,N2,218,7
1197,S5,118,7
1224,S4,864,7
1296,W2,360,7
1466,S5,49,7
1476,W5,698,7
1640,W5,390,7
1755,S3,11,7
1814,S1,406,7
1855,E3,64,7
2064,S5,508,7
2090,W1,26,7
2253,S5,817,7
2299,W2,643,7
2360,N1,1055,7
71,N1,76,8
140,N3,78,8
274,W5,413,8
317,S4,711,8
371,S2,358,8
382,E5,406,8
393,N1,34,8
412,W4,168,8
432,E2,1218,8
556,N4,906,8
590,E2,391,8
601,E3,81,8
622,S5,65,8
676,N5,434,8
683,N1,29,8
887,S2,1217,8
906,E5,1090,8
953,N5,783,8
954,W5,116,8
1014,W5,620,8
1178,N2,367,8
1324,N2,192,8
1336,N1,35,8
1349,S1,130,8
1371,W1,10,8
1397,N2,439,8
1405,S3,1380,8
1410,W3,461,8
1469,E4,24,8
1539,N3,268,8
1680,N1,835,8
1714,N3,552,8
1726,E5,594,8
1743,N5,374,8
1751,N2,613,8
1775,N5,364,8
1804,S3,46,8
1884,W3,998,8
1885,N4,210,8
1904,N2,703,8
1920,E3,111,8
1933,N2,451,8
1964,N3,699,8
2029,N2,1014,8
2030,N2,543,8
2067,N3,568,8
2125,E4,332,8
2248,W1,669,8
2312,S1,98,8
2336,W5,214,8
2404,S5,156,8
55,E2,370,9
66,W2,1092,9
187,N2,233,9
364,W4,960,9
424,N2,1246,9
498,N2,322,9
746,N2,421,9
846,S4,549,9
878,S1,112,9
892,S5,1070,9
1158,S3,598,9
1210,W3,37,9
1228,N2,932,9
1246,N1,956,9
1255,S1,85,9
1278,N2,835,9
1428,W5,494,9
1551,W5,169,9
1674,E1,949,9
1694,N4,1508,9
1719,S2,51,9
1737,N4,711,9
1896,S4,786,9
2040,E3,818,9
2083,N2,791,9
2097,E5,1267,9
2110,E1,1799,9
2151,E4,45,9
2152,N1,168,9
2162,N2,532,9
2269,S5,73,9
2272,W5,362,9
2282,N3,807,9
2307,E2,1113,9
2379,E5,779,9
2381,N1,152,9
78,N3,1526,10
96,E5,480,10
153,W1,590,10
228,S2,806,10
232,S5,952,10
303,E3,1351,10
588,W2,613,10
616,E4,13,10
756,S1,79,10
800,E2,432,10
813,E2,23,10
832,N3,1484,10
943,W3,633,10
982,E3,1008,10
1037,N2,365,10
1129,W5,389,10
1258,W4,518,10
1334,N4,1151,10
1378,W5,61,10
1427,W1,547,10
1733,N3,185,10
1759,N1,343,10
1765,N3,712,10
1771,N2,786,10
1830,W1,466,10
1867,W4,263,10
1924,S4,879,10
1982,S2,273,10
2017,N3,110,10
2074,W5,147,10
2116,N5,410,10
2145,E3,111,10
2157,W4,444,10
2213,N2,910,10
2247,W5,1308,10
2316,N2,835,10
2371,S5,850,10
2380,N5,292,10
2429,W5,95,10
32,W5,675,11
119,N3,395,11
414,N2,683,11
511,E5,715,11
546,N1,63,11
576,N2,604,11
675,N5,1251,11
731,N1,199,11
825,N2,1169,11
840,W5,1446,11
868,N2,660,11
898,N4,252,11
959,W3,1094,11
1001,E5,848,11
1024,E1,730,11
1138,E5,503,11
1147,W1,97,11
1212,N1,97,11
1225,W4,1304,11
1243,W4,696,11
1256,E3,40,11
1271,W2,1066,11
1312,N3,183,11
1368,N3,1142,11
1445,N3,64,11
1564,N3,1042,11
1626,S1,903,11
1692,N4,1215,11
1901,W2,606,11
1910,W5,946,11
1995,W4,169,11
2007,N3,1385,11
2059,E4,964,11
2078,S5,1072,11
2089,E3,650,11
2127,N3,1064,11
2185,S1,957,11
2219,W3,950,11
2227,N2,947,11
2231,S4,706,11
2260,E1,903,11
2264,W4,399,11
2345,W3,662,11
8,E4,274,12
15,N3,1210,12
109,E1,28,12
334,N2,681,12
336,S4,546,12
423,S3,1405,12
503,S3,1166,12
579,E4,55,12
614,S4,720,12
817,W4,229,12
826,N3,350,12
869,E5,902,12
980,E5,1618,12
1061,N4,207,12
1098,E4,114,12
1108,S1,51,12
1166,E3,24,12
1170,W5,59,12
1175,E4,34,12
1211,W4,423,12
1217,S3,588,12
1300,S3,1195,12
1362,E4,17,12
1404,N4,938,12
1462,S2,590,12
1470,N1,411,12
1509,S5,672,12
1518,E3,496,12
1595,S1,878,12
1599,W4,684,12
1744,S1,148,12
1890,E3,22,12
1899,W1,67,12
1943,E4,40,12
2024,E1,335,12
2129,W1,734,12
2202,N2,61,12
2223,N2,496,12
2306,S1,556,12
2426,N1,177,12
34,E4,13,13
46,N3,10,13
255,N5,750,13
325,E3,109,13
331,S5,1279,13
402,W4,704,13
409,W5,910,13
436,N5,1199,13
636,N2,670,13
639,W1,681,13
664,N4,640,13
679,E5,70,13
689,E3,1526,13
692,W2,692,13
699,E5,1322,13
764,W2,799,13
795,N3,1072,13
809,E1,661,13
823,S3,1189,13
864,N5,520,13
893,N3,330,13
904,W5,545,13
933,W5,458,13
1038,N3,324,13
1091,N4,444,13
1099,E1,181,13
1270,W1,63,13
1583,S1,17,13
1664,W3,922,13
1731,N3,806,13
1794,S1,335,13
1826,E2,404,13
1846,N3,615,13
1865,N1,157,13
1888,N3,694,13
1959,W1,64,13
2121,E3,142,13
2150,E4,14,13
2233,W1,122,13
2262,S1,521,13
2287,N3,405,13
2331,W1,23,13
2407,N5,356,13
53,W1,26,14
72,W4,376,14
74,W3,452,14
118,W2,674,14
147,S4,1439,14
214,S2,530,14
239,E3,13,14
326,N3,1111,14
487,S4,1401,14
551,E3,433,14
629,N3,753,14
741,N1,13,14
777,E1,25,14
785,S3,120,14
854,W3,851,14
908,N2,205,14
912,W5,120,14
1053,W4,142,14
1070,N3,220,14
1079,N1,284,14
1093,N1,26,14
1095,S3,703,14
1113,W5,107,14
1148,S2,742,14
1234,W5,226,14
1250,W5,346,14
1393,E2,1179,14
1413,S1,1030,14
1419,S3,86,14
1436,N3,1270,14
1438,N3,734,14
1449,E3,355,14
1460,S1,226,14
1465,E4,159,14
1517,S4,1103,14
1577,N3,554,14
1703,S5,987,14
1742,S4,131,14
1749,W1,740,14
1750,E4,101,14
1859,S3,80,14
1861,W5,38,14
1870,W1,792,14
1886,E5,71,14
1969,N2,893,14
1997,N2,631,14
2004,W1,212,14
2058,W4,585,14
2118,W2,535,14
2144,N3,139,14
2183,E4,220,14
2190,S2,916,14
2279,S2,783,14
2340,S5,983,14
95,N1,310,15
102,W5,299,15
134,N2,740,15
221,S3,700,15
394,S3,1087,15
437,N2,726,15
458,N3,1786,15
480,S1,714,15
504,S1,373,15
506,N5,844,15
735,S5,1217,15
890,S3,846,15
901,W1,270,15
978,W5,685,15
1119,E4,76,15
1231,N3,1016,15
1293,E5,1043,15
1343,W5,216,15
1350,W1,167,15
1365,S1,1002,15
1387,E4,1610,15
1414,E4,13,15
1489,N5,565,15
1559,W3,352,15
1598,S2,682,15
1654,N3,864,15
1673,S3,1203,15
1722,W5,43,15
1815,E5,1321,15
1818,E1,807,15
1926,W5,833,15
2046,N2,648,15
2103,E2,337,15
2160,N2,1205,15
2300,S2,50,15
2362,N3,809,15
2417,S3,1075,15
86,W5,782,16
245,S2,564,16
295,N5,978,16
361,N2,541,16
418,E3,300,16
451,S4,1315,16
555,S3,881,16
571,S2,792,16
603,S1,1892,16
672,N3,36,16
728,S4,1066,16
738,E5,1082,16
857,E4,98,16
900,W4,221,16
910,E4,29,16
973,W1,480,16
1133,N2,422,16
1139,W1,86,16
1165,N4,506,16
1273,E4,44,16
1280,N3,973,16
1303,N5,1386,16
1311,W5,1361,16
1403,N3,121,16
1431,W4,1197,16
1443,N5,198,16
1515,N5,1518,16
1944,E4,85,16
1961,W5,971,16
1984,E1,34,16
2023,E4,47,16
2091,S3,1309,16
2184,W5,342,16
2198,N2,1080,16
2268,S5,1215,16
2297,S1,128,16
29,W2,887,17
42,E4,157,17
144,W4,601,17
182,W4,375,17
186,W4,329,17
231,E5,829,17
291,W3,1236,17
306,E3,90,17
330,E2,1868,17
395,N3,1224,17
456,S4,669,17
490,E2,2180,17
499,W2,1468,17
606,W3,1344,17
677,W1,682,17
822,W4,422,17
872,E3,33,17
967,W4,843,17
998,W3,141,17
1000,W5,95,17
1068,S1,822,17
1245,W3,334,17
1292,N4,870,17
1326,W3,476,17
1385,N2,874,17
1503,E1,1509,17
1504,W5,1442,17
1508,S1,803,17
1533,W3,895,17
1593,N2,1039,17
1730,S1,1025,17
1738,E1,1147,17
1839,S1,727,17
1856,E4,143,17
1893,W5,570,17
1952,E3,1100,17
2044,S4,1100,17
2095,W1,618,17
2096,E3,264,17
2114,N1,397,17
2220,S2,866,17
2313,N1,953,17
2315,E5,191,17
2409,W5,515,17
2430,W5,376,17
81,E2,804,18
93,S1,153,18
111,N2,511,18
132,E4,41,18
237,W5,461,18
266,N4,799,18
278,S3,1307,18
337,N3,391,18
385,S1,1150,18
405,N2,357,18
462,S3,907,18
491,N3,785,18
531,W2,769,18
635,E3,117,18
648,E5,1071,18
650,W2,1084,18
684,E3,842,18
760,S4,1114,18
859,S5,2334,18
919,S1,1324,18
969,E1,712,18
984,E4,37,18
1105,W4,143,18
1163,S3,1357,18
1265,E5,1059,18
1360,W3,95,18
1528,N2,549,18
1561,S5,1200,18
1633,S1,79,18
1701,S4,27,18
1754,S5,828,18
1842,E4,24,18
1908,W5,281,18
2028,E1,135,18
2053,N2,100,18
2175,W4,414,18
2193,W3,794,18
33,N4,843,19
87,N1,352,19
169,E4,227,19
206,N4,1636,19
244,W1,1149,19
328,S1,400,19
502,E1,1783,19
529,S3,868,19
530,N2,837,19
583,N1,366,19
618,N1,218,19
640,W4,280,19
645,S1,1461,19
662,N1,679,19
671,N1,565,19
696,E4,236,19
732,W5,1025,19
758,S1,28,19
799,W4,413,19
849,S3,141,19
983,S5,1027,19
1008,N3,364,19
1074,S1,210,19
1096,W4,682,19
1124,S3,1351,19
1127,E3,75,19
1337,N2,738,19
1361,W5,410,19
1488,E3,122,19
1507,S3,1227,19
1549,S3,1429,19
1563,N4,1284,19
1622,N2,1146,19
1639,N3,1072,19
1676,S1,987,19
1762,S3,941,19
1837,W1,2078,19
1864,S2,1370,19
1991,N3,1327,19
1996,N5,1170,19
2045,E2,18,19
2087,S4,988,19
2146,S1,263,19
2218,S2,1766,19
2311,S2,1112,19
2377,N3,201,19
2424,S4,1217,19
1,N3,532,20
7,N3,1290,20
125,S1,507,20
209,N2,806,20
217,E5,1047,20
251,E1,217,20
324,S4,1375,20
338,W5,773,20
407,W4,831,20
578,N5,2051,20
589,S5,984,20
742,N5,1427,20
780,N2,1018,20
830,S4,340,20
837,W2,1145,20
876,W2,737,20
924,E3,569,20
1066,N3,681,20
1209,N3,2032,20
1291,S3,42,20
1335,W5,527,20
1453,E1,367,20
1486,N3,796,20
1527,W2,487,20
1538,S2,1447,20
1616,N4,1130,20
1681,W3,910,20
1687,E2,2059,20
1732,W1,474,20
1739,S3,1920,20
1788,N3,458,20
1851,W2,591,20
1919,E5,1852,20
1934,E4,151,20
2014,E3,486,20
2026,S4,383,20
2113,W5,1235,20
2181,W5,729,20
2319,E2,1496,20
2322,N3,303,20
2398,N5,759,20
2420,E1,1304,20
14,S3,1555,21
56,W3,807,21
145,E5,587,21
195,S3,963,21
234,S2,526,21
247,N3,767,21
284,W1,793,21
369,S1,1498,21
429,W4,249,21
525,W2,1156,21
536,S2,221,21
644,S5,543,21
673,W1,833,21
701,E4,56,21
704,E4,84,21
721,N1,701,21
801,S1,462,21
812,W5,1192,21
844,E4,50,21
907,N3,205,21
1188,S2,856,21
1205,W1,581,21
1327,N3,831,21
1330,W5,606,21
1463,W3,431,21
1496,W2,497,21
1529,E5,314,21
1576,W3,732,21
1637,E2,10,21
1655,N3,397,21
1713,E4,83,21
1774,W4,689,21
1956,W5,1122,21
1983,S3,527,21
2130,S1,1275,21
2140,E4,104,21
2169,N5,905,21
2192,S4,317,21
2206,W5,830,21
2207,W1,1383,21
2273,E2,187,21
2393,W4,1120,21
2395,W3,327,21
2414,N1,291,21
124,E5,675,22
190,W1,721,22
254,S4,718,22
339,E4,134,22
375,S5,329,22
445,E5,934,22
467,W1,399,22
469,W5,1121,22
496,N2,141,22
544,E4,66,22
612,E5,214,22
617,E5,568,22
643,S3,664,22
949,N3,860,22
1002,E2,1310,22
1084,S4,784,22
1208,W4,599,22
1216,W3,864,22
1249,W4,769,22
1289,W1,118,22
1372,N4,569,22
1435,E2,379,22
1638,N3,1139,22
1672,E4,1010,22
1710,N5,21,22
1768,E4,488,22
1795,W2,1171,22
1825,E5,1492,22
1882,N1,71,22
1922,W5,151,22
1937,N4,766,22
2019,S1,1229,22
2031,N5,593,22
2098,N1,1140,22
2154,W1,42,22
2180,S3,1118,22
2216,S5,467,22
2238,W5,936,22
2302,E5,693,22
2334,W3,1209,22
2394,N5,303,22
23,W5,64,23
110,W5,1016,23
133,E1,780,23
202,W1,491,23
229,N1,276,23
282,W1,239,23
358,S2,1760,23
479,N1,203,23
494,W4,383,23
659,S4,502,23
974,N3,873,23
1011,S2,786,23
1051,S3,179,23
1062,W5,614,23
1204,W5,1022,23
1333,E4,229,23
1364,E1,246,23
1434,E4,142,23
1499,N2,553,23
1635,S4,1141,23
1712,N3,1291,23
1718,S4,1272,23
1746,W5,682,23
1880,N2,742,23
1889,W2,721,23
1915,N4,956,23
2149,N1,638,23
2310,N5,1244,23
2354,N1,1493,23
2415,S4,911,23
115,N5,1842,24
240,N3,1358,24
261,W1,1085,24
305,N5,832,24
332,E2,1223,24
391,W4,830,24
463,S1,1174,24
468,E1,260,24
613,N2,1186,24
637,N3,1755,24
694,S1,863,24
706,E2,491,24
711,S4,759,24
716,N1,48,24
773,E2,373,24
891,E3,821,24
971,N4,1367,24
1019,E1,34,24
1112,S5,163,24
1169,W2,852,24
1313,S5,1659,24
1351,N4,923,24
1379,W4,425,24
1492,W5,73,24
1526,E2,135,24
1558,W5,632,24
1663,N4,1486,24
1793,E3,63,24
1812,W3,1379,24
1813,S5,1472,24
1903,E4,227,24
1907,W5,1237,24
1918,S4,808,24
1929,E5,173,24
1950,W3,549,24
1975,S3,1025,24
2065,S4,1591,24
2071,W1,968,24
2137,E5,1347,24
2232,E5,1333,24
2327,E1,122,24
2425,N1,698,24
2,S1,1863,25
37,S1,615,25
84,N1,155,25
117,E3,873,25
123,E4,245,25
180,W5,893,25
219,S5,1342,25
273,W4,608,25
346,W5,463,25
357,E1,1717,25
370,S1,1553,25
470,S3,2141,25
472,S1,805,25
517,E3,138,25
550,N1,58,25
572,W5,883,25
670,N2,1315,25
717,W5,562,25
729,E4,271,25
789,S2,967,25
790,E1,61,25
895,W4,603,25
926,E3,524,25
930,E4,284,25
952,W4,777,25
1120,N3,290,25
1309,N1,173,25
1439,S4,842,25
1459,N1,392,25
1467,N5,1458,25
1495,W4,769,25
1553,E1,1557,25
1605,E1,61,25
1607,W2,360,25
1796,E4,130,25
1802,W1,307,25
1866,S5,379,25
1967,W3,753,25
1976,N5,448,25
2000,N3,292,25
2047,S5,927,25
2062,S1,829,25
2369,E3,396,25
25,W5,462,26
130,E2,1570,26
165,S3,1193,26
301,N3,168,26
408,N2,1115,26
433,N4,772,26
524,E5,2126,26
598,E5,425,26
627,S3,329,26
668,N2,1215,26
698,N4,163,26
769,W2,1419,26
820,E1,134,26
918,W1,169,26
950,W4,1382,26
972,S2,1982,26
1003,E5,1425,26
1171,E3,714,26
1213,E5,1265,26
1286,W3,748,26
1491,E3,74,26
1590,N5,1273,26
1597,W5,284,26
1644,W4,421,26
1773,S3,976,26
1778,W4,922,26
1781,W1,153,26
1853,S3,1351,26
1911,N4,1519,26
1916,S3,847,26
1954,W5,1090,26
2060,S2,1012,26
2061,S1,1069,26
2093,N5,1203,26
2186,S3,1198,26
2258,E5,955,26
2270,E2,285,26
2383,S1,188,26
2412,S2,480,26
24,W5,981,27
256,S1,527,27
288,S1,151,27
311,N3,1843,27
441,W5,1452,27
537,S2,787,27
607,W4,750,27
665,E2,1521,27
674,E4,96,27
804,S1,1027,27
808,N2,441,27
987,E1,178,27
1200,S5,1554,27
1345,S5,2129,27
1389,N2,790,27
1425,W5,1127,27
1543,N3,1614,27
1557,W4,1295,27
1650,E1,1746,27
1661,W2,1714,27
1787,W2,768,27
1844,E1,2025,27
1878,N5,790,27
1948,S2,819,27
2107,E3,111,27
2209,W1,753,27
2304,W3,973,27
2374,S4,960,27
41,N2,395,28
75,E2,997,28
85,N4,1006,28
92,E2,1675,28
347,E1,85,28
520,S3,735,28
543,N5,2435,28
566,E3,129,28
595,S4,1187,28
605,W3,1301,28
815,N2,284,28
1221,N2,650,28
1283,W3,962,28
1506,N2,444,28
1612,S2,657,28
1665,S4,735,28
1912,W5,309,28
1930,S1,1865,28
1936,E3,1108,28
1965,E1,12,28
2034,S4,1321,28
2054,N5,275,28
2423,N5,1601,28
141,E2,1933,29
164,N3,228,29
516,E1,135,29
563,N5,1740,29
577,N5,852,29
713,S1,1178,29
866,N4,507,29
877,E2,2135,29
951,N5,1043,29
976,W4,661,29
1026,S5,1989,29
1103,E5,1056,29
1109,E4,1495,29
1156,N5,848,29
1218,N2,1173,29
1227,E1,1843,29
1242,W1,961,29
1305,W4,1163,29
1358,E3,640,29
1490,E4,303,29
1623,W2,1510,29
1696,S3,1250,29
1758,E3,160,29
1860,W2,1392,29
1945,W4,907,29
2068,W1,137,29
2136,E1,2361,29
2148,E2,170,29
2159,W5,377,29
2239,W1,617,29
2251,E5,170,29
2367,N1,81,29
2370,S5,913,29
6,S1,66,30
21,N3,690,30
137,N5,841,30
176,W1,981,30
196,N3,1928,30
377,N2,1511,30
380,S2,578,30
464,S4,663,30
528,W2,1318,30
539,E5,540,30
547,S2,444,30
691,N1,2280,30
750,E1,124,30
814,W3,1557,30
861,W5,1218,30
1039,E1,97,30
1040,S5,1055,30
1110,E4,48,30
1159,N3,1072,30
1248,E5,723,30
1377,W5,907,30
1458,S2,1544,30
1498,N5,1515,30
1977,N3,571,30
2102,E5,1040,30
2109,W3,1367,30
2119,E2,346,30
2166,S1,1056,30
2335,S4,919,30
22,E3,80,31
48,S3,1549,31
63,E5,1139,31
67,E4,150,31
143,S4,1050,31
172,S1,691,31
198,S1,350,31
293,S5,855,31
348,S2,1150,31
500,E3,661,31
526,N4,626,31
560,E4,112,31
592,N3,989,31
786,W1,871,31
883,E2,45,31
931,N1,240,31
944,E3,505,31
1013,W5,97,31
1045,N2,1431,31
1172,E4,93,31
1295,N2,899,31
1523,W1,83,31
1634,W5,949,31
1656,E5,801,31
1898,N4,1173,31
1973,N3,1051,31
2131,N3,1532,31
2212,N5,1543,31
2358,W2,569,31
2373,N5,979,31
40,E1,1413,32
168,N5,1493,32
191,E4,115,32
215,W3,978,32
335,S1,1676,32
587,S4,493,32
633,W3,916,32
720,N5,1039,32
755,S4,115,32
767,E4,223,32
783,W2,1287,32
833,E5,525,32
838,N2,697,32
1069,N5,1444,32
1182,N5,1417,32
1239,E4,66,32
1314,N5,818,32
1394,E1,196,32
1497,N2,1503,32
1505,S2,147,32
1525,E3,70,32
1578,S2,1545,32
1608,S1,396,32
1620,N2,708,32
1653,S4,641,32
1659,E3,1508,32
1668,E1,95,32
1852,W5,691,32
1949,N3,1544,32
2106,W1,465,32
2235,N4,614,32
2259,S3,1175,32
120,N4,1065,33
129,N2,732,33
146,E4,1021,33
181,S1,1999,33
257,E2,586,33
258,N2,227,33
294,E3,165,33
378,N3,1800,33
552,S1,1389,33
580,W5,904,33
1005,W1,1736,33
1022,S5,1269,33
1042,S2,1614,33
1052,E2,940,33
1054,N3,851,33
1101,N3,1323,33
1142,E2,1288,33
1299,S2,1388,33
1306,N3,990,33
1382,N2,325,33
1383,S1,2363,33
1532,N2,1435,33
1784,E3,107,33
1845,W3,660,33
2072,S5,422,33
2132,S2,1097,33
2199,N2,1934,33
2215,W1,1165,33
2292,S1,293,33
2337,W2,1081,33
2388,W1,182,33
2397,S2,1837,33
77,E1,2688,34
90,S3,1351,34
156,W1,176,34
159,E5,1736,34
192,E4,290,34
227,N4,564,34
241,W5,1417,34
363,S3,1905,34
401,E4,163,34
488,N3,1148,34
574,E4,138,34
609,W4,879,34
631,N3,1123,34
797,N1,221,34
909,W5,787,34
915,S3,1094,34
965,W5,1435,34
1031,N1,1775,34
1081,S2,785,34
1137,W4,1275,34
1157,S3,953,34
1189,S3,1444,34
1287,S4,914,34
1328,S2,1530,34
1446,E3,47,34
1636,N2,171,34
1798,E3,70,34
1806,W3,1385,34
1809,E4,212,34
1850,N3,1921,34
1868,E3,88,34
1879,E1,1014,34
2025,W1,219,34
2168,N3,588,34
2174,E4,39,34
2240,E1,222,34
2265,S4,519,34
2350,S4,1215,34
2432,W1,127,34
105,S1,2041,35
199,N3,744,35
501,S5,818,35
771,E4,134,35
807,E3,494,35
882,N5,417,35
903,N1,1157,35
1089,S3,1266,35
1181,E5,1282,35
1191,S2,1354,35
1422,E3,136,35
1522,S4,1471,35
1569,W5,573,35
1621,N1,41,35
1632,N2,1106,35
1647,S3,1289,35
1857,W3,342,35
1962,E2,2386,35
2122,E4,126,35
2228,E2,1058,35
2242,S4,343,35
2293,N5,1187,35
2343,S4,993,35
47,W3,70,36
88,N1,193,36
139,W2,356,36
297,S3,1839,36
365,S4,1096,36
449,W4,1198,36
483,W2,1150,36
726,E1,545,36
766,W4,1076,36
888,E4,89,36
941,N2,1131,36
962,E1,202,36
989,E3,65,36
1010,N1,104,36
1143,N4,2083,36
1162,E4,165,36
1321,W5,534,36
1407,E4,121,36
1418,W4,546,36
1568,N3,1615,36
1833,E2,855,36
2035,S5,1082,36
2070,W1,1109,36
2135,N3,822,36
2155,E4,8,36
2320,S3,1443,36
2402,E3,39,36
39,W3,1226,37
170,E3,1032,37
249,E3,67,37
591,E1,547,37
615,S4,1301,37
702,N5,1281,37
985,W5,276,37
1083,E2,1419,37
1130,S4,140,37
1136,E2,997,37
1380,N2,676,37
1430,S1,1937,37
1514,S1,1386,37
1521,N3,786,37
1811,S5,2906,37
1951,E1,64,37
1999,E4,530,37
2138,W2,2056,37
2245,E2,805,37
2261,E1,806,37
188,S3,1137,38
400,N3,955,38
478,E4,91,38
646,S2,1026,38
669,W4,1210,38
768,N2,847,38
775,S4,588,38
995,W1,440,38
1195,S2,1304,38
1310,N2,1381,38
1341,N2,897,38
1442,E4,261,38
1481,E4,180,38
1535,E1,1826,38
1678,E4,318,38
1691,W3,1391,38
1711,N1,143,38
1779,S4,1276,38
1921,E4,839,38
1927,E3,192,38
2020,W2,783,38
2085,W5,484,38
2172,S2,799,38
2342,W3,1248,38
99,S5,1256,39
116,N3,1169,39
280,E4,187,39
283,S1,1157,39
333,N1,325,39
368,N1,257,39
421,E5,1094,39
545,N3,339,39
714,E5,246,39
810,S2,689,39
880,E5,267,39
958,W1,409,39
1153,E4,1432,39
1176,W5,1212,39
1179,N1,147,39
1319,N2,903,39
1396,W4,424,39
1441,S5,1454,39
1512,N2,1019,39
1596,S5,740,39
1611,N4,1550,39
1786,S4,1509,39
1891,E4,577,39
1968,N1,147,39
1985,W1,668,39
2230,E2,2224,39
2237,W5,1101,39
2285,E1,426,39
2289,W1,148,39
2385,S3,1332,39
2390,E3,80,39
3,E3,48,40
58,S1,765,40
62,N5,1315,40
304,S3,1271,40
307,S4,1636,40
309,S1,1034,40
327,S4,1807,40
466,W4,320,40
897,N3,2151,40
1154,W2,802,40
1203,S4,1712,40
1252,N5,1803,40
1269,E1,228,40
1316,W3,975,40
1348,E3,1170,40
1356,N2,2235,40
1560,N2,760,40
1630,N2,933,40
1720,E1,1098,40
1797,W4,394,40
1847,N3,942,40
1876,E2,1013,40
1946,N1,936,40
1963,N2,1571,40
2069,S1,481,40
2406,N3,1613,40
49,W4,674,41
151,E4,110,41
152,N2,1197,41
300,N3,1171,41
447,E3,805,41
663,E2,492,41
778,S5,232,41
968,S5,661,41
1047,W5,432,41
1145,W3,1206,41
1164,E1,2456,41
1254,W1,118,41
1483,W3,1431,41
1552,S2,889,41
1565,N2,520,41
1574,E1,197,41
1584,W5,1404,41
1604,N2,917,41
1958,N5,999,41
2027,W3,555,41
2288,W4,1890,41
2321,W2,1414,41
2421,E2,1690,41
68,S2,1390,42
150,E4,372,42
154,W4,1003,42
250,W3,1099,42
270,E4,193,42
343,E2,2346,42
604,E5,1291,42
745,N2,555,42
894,W4,1490,42
935,W5,1078,42
961,S5,995,42
979,W3,1106,42
1168,N1,270,42
1308,N2,1195,42
1406,E1,799,42
1570,W5,1570,42
1610,E2,2487,42
1618,N4,1814,42
1641,E4,526,42
1652,E3,320,42
1807,E3,166,42
1848,W1,1067,42
1928,S4,649,42
1931,N4,1069,42
2108,S2,943,42
2158,S1,1162,42
2204,E4,1273,42
2344,S5,2085,42
79,N3,770,43
194,N4,1541,43
353,N3,1145,43
475,W4,1885,43
593,E4,313,43
805,S2,963,43
925,S3,584,43
1207,N1,1471,43
1513,N1,142,43
1545,E3,731,43
1675,W2,1342,43
1715,W1,318,43
1909,N4,807,43
2081,N5,884,43
2084,W4,915,43
2139,W3,1218,43
2255,E2,1823,43
104,N2,1120,44
248,E4,325,44
568,E3,622,44
602,W3,983,44
621,N1,994,44
715,S1,230,44
719,N4,1553,44
776,E1,712,44
870,W4,1310,44
896,E4,396,44
937,N2,802,44
1007,E4,124,44
1347,S4,992,44
1454,N2,1004,44
1484,E3,407,44
1485,E4,155,44
1648,W3,1062,44
1677,S1,814,44
1690,S2,1100,44
1693,E1,422,44
1697,E4,251,44
1998,N4,944,44
2165,E2,2097,44
252,W4,1905,45
434,W5,1162,45
435,S5,2522,45
744,E1,181,45
1100,E4,970,45
1230,S5,1397,45
1264,E5,1625,45
1534,W1,714,45
1724,S4,1498,45
1769,N4,687,45
2099,S4,1120,45
2156,E5,1452,45
236,E4,282,46
319,S3,630,46
440,E5,1295,46
457,E1,1154,46
508,N1,138,46
693,N3,877,46
1202,W5,393,46
1408,S3,1590,46
1411,W1,648,46
1706,N4,1659,46
1902,S2,1718,46
2178,E5,785,46
5,E1,243,47
216,W4,829,47
272,S5,1120,47
302,W5,791,47
387,W2,325,47
661,W3,978,47
803,S5,1330,47
1215,E2,2172,47
1642,N4,597,47
1939,S2,1469,47
2077,S1,1961,47
2134,E2,601,47
2176,W2,1320,47
2366,W1,1937,47
2386,E4,1346,47
16,E2,548,48
101,W2,440,48
155,S2,967,48
238,S2,762,48
264,W5,1559,48
474,S3,887,48
561,S1,1487,48
1032,S5,1619,48
1226,S4,933,48
1301,N1,178,48
1873,S1,483,48
1947,E1,434,48
2039,N2,811,48
2100,N5,2251,48
2117,S2,1381,48
2161,S1,46,48
2191,E1,1108,48
2234,N5,1259,48
2243,N2,1306,48
2252,E4,395,48
2281,W3,1477,48
2418,E4,423,48
518,W5,605,49
986,N3,1100,49
1063,E4,104,49
1274,N2,603,49
1537,W4,1040,49
1540,E5,1374,49
1704,W5,467,49
1974,N4,1721,49
2048,W5,885,49
2128,S1,256,49
2187,N3,1703,49
2419,E5,795,49
285,S5,981,50
444,S5,1802,50
509,E1,775,50
874,W1,1478,50
913,E1,314,50
922,S2,1990,50
1244,E4,96,50
1263,E5,696,50
1298,W3,1368,50
1386,W2,1003,50
1708,N3,1319,50
1772,S1,73,50
1897,E1,1011,50
2021,N4,2007,50
2214,W2,1079,50
2236,S4,945,50
2368,E3,1147,50
2401,N1,615,50
416,W2,1124,51
564,W4,576,51
727,E5,906,51
845,S4,1309,51
1196,N1,111,51
1247,E2,954,51
1260,W5,187,51
1412,N2,832,51
1649,W2,3106,51
1990,S1,2404,51
2042,W5,982,51
2196,N3,992,51
2356,N5,1159,51
11,N4,1252,52
65,W2,2451,52
586,S3,1014,52
610,N5,387,52
850,N3,1015,52
914,E1,276,52
1186,W1,705,52
1282,W1,923,52
1588,E1,1348,52
1757,W3,1504,52
1849,S2,850,52
2349,N2,843,52
100,S4,1708,53
210,N2,1060,53
816,E4,65,53
1055,E1,463,53
1192,E2,69,53
1277,E2,1703,53
1631,E4,307,53
1670,S2,1687,53
1684,W4,964,53
2296,S3,939,53
73,S1,1703,54
76,N3,2124,54
161,N3,234,54
197,E4,119,54
246,N1,2738,54
366,W4,478,54
373,S2,1759,54
386,S2,1740,54
484,S3,1403,54
754,N1,199,54
1077,E5,1726,54
1094,N5,860,54
1104,W3,2159,54
1183,S1,2220,54
1268,W4,1218,54
1448,S2,1628,54
1502,W3,1499,54
1892,E5,2343,54
1894,S1,672,54
2092,E1,503,54
2229,E4,231,54
80,S2,1543,55
318,S2,1671,55
367,S2,448,55
581,W3,1131,55
834,W5,500,55
945,N3,78,55
1067,W5,1351,55
1494,W4,1691,55
1698,W5,718,55
1699,E1,666,55
1838,W3,212,55
1841,N5,2718,55
1966,E3,1549,55
2101,S1,1867,55
2173,S2,1474,55
2314,N3,2297,55
2338,N2,799,55
558,S4,1126,56
762,S3,571,56
784,N4,1455,56
948,N2,654,56
957,E3,1274,56
1006,S4,887,56
1073,S3,1434,56
1118,N3,906,56
1500,E2,650,56
1580,S3,828,56
1705,N5,709,56
1752,N5,1833,56
2170,S2,1263,56
163,N3,1392,57
419,S2,650,57
481,W2,945,57
774,N3,861,57
1033,S5,1344,57
1057,E5,813,57
1122,W1,219,57
1530,N2,1120,57
2124,W4,819,57
2141,W3,2043,57
2225,E4,401,57
2278,S4,517,57
184,S2,242,58
562,S3,1721,58
787,E5,217,58
1125,E4,129,58
1128,N2,1118,58
1585,S3,478,58
1651,E2,1133,58
1801,S3,1801,58
1854,W5,1003,58
1917,S4,752,58
2351,N2,1356,58
103,N2,1158,59
360,E3,258,59
379,E1,2709,59
431,N4,1169,59
510,S2,631,59
623,E2,1000,59
1107,W3,484,59
1150,E1,101,59
1232,S5,1710,59
1235,E5,1426,59
1267,E5,261,59
1735,W5,576,59
1767,E1,476,59
2363,S3,1165,59
59,W5,1017,60
61,E4,51,60
438,N4,2528,60
439,S5,1398,60
548,N3,577,60
628,E4,247,60
705,N5,1476,60
725,E5,1205,60
966,N2,634,60
1369,W5,1207,60
1646,W5,904,60
1717,S2,1398,60
1741,E4,501,60
2389,N3,1192,60
203,W1,811,61
482,W3,67,61
753,E4,144,61
821,W2,1263,61
847,E2,374,61
1297,W3,1172,61
2123,S4,466,61
2295,E4,335,61
2309,N3,602,61
51,W1,827,62
121,E4,458,62
489,E5,921,62
570,N4,1591,62
647,S3,505,62
655,E2,981,62
722,E3,392,62
1198,S5,2207,62
1381,E3,444,62
1401,S4,1399,62
1433,S2,1206,62
1437,E3,1581,62
1516,N4,1895,62
2076,S3,854,62
323,E5,665,63
863,N2,1310,63
902,W5,1537,63
992,W3,2502,63
1076,N4,1628,63
1123,N5,2025,63
1374,E1,3114,63
2041,W3,708,63
2422,W5,1402,63
212,W2,1178,64
390,W2,743,64
454,S2,2352,64
886,E1,347,64
923,E2,1154,64
1375,E2,944,64
1547,S5,1412,64
1834,N3,1574,64
2009,E5,767,64
2305,S3,2299,64
2382,S1,917,64
114,W4,1375,65
142,N3,1287,65
1004,S1,1186,65
1080,W2,1945,65
1233,W1,2312,65
1828,E2,254,65
1914,S1,897,65
1925,S5,1724,65
2012,N5,1488,65
2079,E4,662,65
2392,E1,465,65
2405,E3,213,65
12,E5,2067,66
205,W2,1115,66
281,W2,1161,66
452,W1,1927,66
521,W2,824,66
535,W4,235,66
542,S5,1649,66
682,W4,1891,66
748,N3,1444,66
1323,S2,1659,66
2112,E5,491,66
2298,W3,1120,66
2301,E2,3003,66
122,W5,786,67
399,W5,716,67
534,S4,243,67
917,N2,1133,67
1029,E2,2402,67
1034,W1,801,67
1450,E1,326,67
13,E2,187,68
1304,S5,1434,68
1589,S5,974,68
1783,W4,792,68
2286,S1,1113,68
97,W4,873,69
167,W3,1729,69
207,E2,1432,69
1092,S5,1332,69
1554,W4,346,69
1727,S2,1817,69
2330,S1,1354,69
329,W2,1454,70
1480,E1,390,70
1550,S5,770,70
1800,N2,961,70
2011,S1,652,70
2013,E3,1029,70
2200,S5,1197,70
2226,W3,842,70
2333,S5,1131,70
2428,W5,1117,70
166,S4,1337,71
884,N5,1156,71
920,S5,1417,71
1086,E4,887,71
1088,S2,2303,71
1745,E3,1433,71
1810,E4,125,71
1829,N2,51,71
2249,W2,945,71
1135,N4,337,72
1429,S2,940,72
1510,E5,596,72
1609,E3,1142,72
1747,W4,1082,72
1994,S2,1193,72
2016,E4,225,72
2038,S1,1376,72
1012,E2,1202,73
1071,E1,537,73
1416,E5,1318,73
1572,N2,813,73
1789,S4,399,73
2323,W2,977,73
220,E1,244,74
584,S1,2247,74
1206,W5,1497,74
1594,S1,2101,74
43,E3,383,75
82,W3,1121,75
792,N3,1763,75
911,N3,674,75
1556,S4,732,75
1571,E3,327,75
1721,E1,337,75
2177,E5,1188,75
2222,E2,2580,75
2291,W4,650,75
2427,E4,283,75
519,S1,1373,76
666,W5,250,76
942,W2,1071,76
1468,W5,1004,76
1662,W1,1646,76
135,E5,568,77
185,E2,1883,77
279,N2,1888,77
527,E4,566,77
708,E1,666,77
796,W3,1482,77
1121,N3,1021,77
1346,E5,1245,77
1455,S5,1687,77
1582,N2,1171,77
1671,S2,1268,77
54,E1,1655,78
392,S1,261,78
507,N2,1887,78
514,N3,487,78
600,S5,1273,78
828,N2,1614,78
1087,E5,218,78
1146,S3,1410,78
1253,W2,1093,78
1339,E5,1184,78
1702,S2,1973,78
2022,S3,790,78
865,W2,978,79
1056,N4,1530,79
1174,N4,1401,79
1688,N4,949,79
1695,S2,749,79
2088,W2,1235,79
173,S4,776,80
686,E1,1116,80
936,W1,1850,80
955,S3,1284,80
960,E1,1749,80
1402,E2,1511,80
1417,S1,1594,80
1451,S4,792,80
1581,N2,640,80
1799,S1,1511,80
138,S4,1142,81
204,N2,958,81
226,E5,876,81
743,E3,615,81
1140,S2,1792,81
1355,S3,1343,81
1426,E4,479,81
1776,S1,1679,81
1805,S4,792,81
60,W2,1631,82
131,W5,941,82
388,E5,470,82
448,E4,464,82
794,E1,1353,82
1832,W2,1649,82
2063,E4,346,82
2073,N1,797,82
2413,S5,853,82
259,E3,128,83
981,N5,931,83
1065,S2,465,83
1440,W4,460,83
1579,N4,1255,83
1785,S3,1206,83
2111,N3,1774,83
162,W2,1330,84
342,E5,1707,84
352,W5,961,84
355,S2,1219,84
611,E1,1567,84
997,S1,1354,84
1477,S1,1260,84
1546,S3,574,84
1666,N5,2161,84
94,W1,302,85
486,W1,698,85
532,S4,55,85
1111,S1,1814,85
1144,W1,886,85
1555,N4,136,85
1764,E1,2549,85
1822,S1,1435,85
2075,N2,1752,85
2147,W3,1316,85
2197,W2,980,85
2332,W2,74,85
2359,E4,621,85
171,S4,561,86
733,N1,663,86
1028,W5,956,86
1740,W3,395,86
2008,E3,365,86
2274,W2,969,86
2364,N1,764,86
569,W2,1046,87
396,S4,990,88
1511,S4,1260,88
225,E1,274,89
757,S3,932,89
855,E4,215,89
947,N2,1006,89
1340,E4,315,89
1820,S2,926,89
2056,W4,767,89
350,E4,407,90
383,E2,699,90
442,E1,2370,90
1816,W2,2860,90
1957,N5,346,90
2018,S5,678,90
2280,W5,1181,90
2290,S1,1738,90
2352,S1,1447,90
2375,E3,670,90
263,E3,1229,91
1025,E2,574,91
1126,W3,2310,91
1199,W3,1914,91
1683,W1,1182,91
1689,N3,529,91
1871,W1,1003,91
2346,W1,796,91
126,N5,2160,92
700,W2,1581,92
1456,S5,46,92
1625,E1,431,92
1875,N2,1196,92
243,E1,815,93
770,S1,759,93
977,W2,4186,93
1017,S1,3254,93
2263,S1,1779,93
1395,E3,547,94
1900,E5,2594,94
410,N3,1157,95
695,S5,301,95
759,N5,125,95
1044,S5,1380,95
1669,W4,1186,95
1858,N1,565,95
2080,E4,450,95
2355,N5,2144,95
523,N2,859,96
624,S2,1637,96
697,E2,968,96
1679,W1,981,96
1760,S2,821,96
2267,W1,566,96
235,S2,2061,97
299,S3,799,97
667,W5,1337,97
1398,N4,821,97
1869,N5,343,97
1322,E2,747,98
1716,E4,283,98
1819,E2,1668,98
1906,W1,2558,98
2348,W1,1394,98
649,N1,790,99
718,S2,1919,99
875,E5,2051,99
1531,E3,453,99
2403,E2,2829,99
2410,S1,1911,99
818,N5,1735,100
2055,E2,1778,100
2188,S4,1194,100
2208,S1,1327,100
27,W2,1142,101
230,S4,1927,101
359,S4,305,101
522,N1,1290,101
585,S4,1528,101
1827,E4,373,101
2086,W2,1336,101
70,E3,1162,102
1035,E4,494,102
1627,N1,1277,102
1835,E3,596,102
1036,N2,986,103
1487,W5,1308,103
1970,E5,813,103
406,S4,1013,104
411,S3,1349,104
460,W4,1875,104
1187,S2,2013,104
1566,E5,1543,104
1736,W5,175,104
1780,E4,1620,104
2001,E5,669,104
2037,S4,654,104
2082,N5,1457,104
2217,E4,633,104
2284,E1,2270,104
376,E1,3158,105
1241,S4,445,105
1266,W2,1702,105
1792,W3,1082,105
1817,E3,102,105
193,W4,2832,106
200,N1,1226,106
253,N1,1267,106
461,W5,942,106
1471,S1,890,106
1541,N4,710,106
189,N4,733,107
852,S5,2781,107
1359,E4,427,107
1473,N4,2206,107
2376,S1,1664,107
656,S5,1411,108
2201,S4,1240,108
2318,N1,1284,108
19,E4,528,109
372,W1,896,109
630,E3,1538,109
867,N3,1636,109
994,E4,488,109
1478,N2,1583,109
17,W3,3024,110
98,S3,987,110
658,S1,1247,110
841,E2,1763,110
1049,N2,1380,110
2032,E1,703,110
2120,N1,1756,110
2256,W2,1093,110
492,S1,1838,111
533,S1,2425,111
538,N5,1056,111
963,N1,1048,111
1030,E1,1089,111
1082,S4,2277,111
1257,E2,2015,111
2194,W3,906,111
64,N4,2116,112
222,E1,2839,112
1766,N2,1807,112
389,E5,953,113
680,S4,765,113
811,W3,2537,113
1160,N1,3800,113
1363,E3,588,113
2317,S4,1740,113
1072,W3,1940,114
1725,W4,1192,114
1803,W4,997,114
1953,E3,236,114
772,E5,774,115
836,E5,1159,115
1294,E5,4377,115
1307,W3,2369,115
1452,N1,4224,115
1613,E2,2273,115
340,N1,952,116
356,E1,931,116
749,N5,1015,116
1986,E2,1533,116
174,E4,1178,118
734,S3,1116,118
1645,W3,1374,118
425,W5,537,119
1524,W5,1595,119
632,W4,1924,120
2043,E3,235,120
269,E5,1155,121
322,E1,1279,121
349,S2,1567,121
426,S4,440,121
678,S1,1527,121
1027,E2,2660,121
1592,W3,1632,122
1913,E1,433,122
262,S5,2830,123
310,E3,959,123
703,S4,1707,123
1979,E4,433,123
736,S3,515,124
1167,W3,665,124
1376,S3,8,124
707,E5,2394,125
1354,E2,1093,125
2353,E2,433,126
1562,E3,794,127
1728,E1,2775,127
1883,S2,2190,128
1115,S3,1689,129
1223,S4,269,129
1791,W2,2433,129
1932,E5,1455,129
2057,W1,979,129
2391,E5,3623,129
286,E2,1966,130
1262,S2,1386,131
113,W3,1998,132
1940,S4,759,132
2324,S4,1460,132
31,W1,2779,133
213,N5,174,133
476,E4,702,133
557,E2,1461,133
940,W4,1321,133
1472,E2,2617,133
1777,S5,1021,133
710,W2,1265,134
824,S3,1005,134
2341,S4,1711,134
2347,E4,407,134
2357,S4,1740,134
839,S2,1213,135
597,N1,1354,136
313,E4,981,137
277,S1,2643,138
175,E2,1159,139
1400,E1,1025,139
2250,E2,1572,140
1384,E5,988,141
1643,N2,609,141
1823,E3,805,141
1992,E5,2109,141
2153,E5,1458,141
747,W4,1466,142
1116,N2,1417,142
1236,N2,1834,142
1840,E5,999,142
626,N1,1004,143
201,S1,1599,144
1141,S4,857,145
652,N1,1685,146
1421,E4,853,146
1447,N3,2041,146
752,W3,929,147
1895,E1,2138,147
1941,N2,843,147
2005,E3,949,147
553,E4,1138,148
1658,N1,2144,149
835,W3,2086,151
1586,N4,1880,151
1872,S4,719,151
540,N5,754,152
853,W5,1115,152
1325,E2,1046,152
1152,E3,3056,153
2246,N4,1565,155
885,W5,375,156
1261,E3,1595,156
459,W1,907,157
1399,S1,1160,157
2205,N5,1868,157
2408,W4,627,157
1415,S1,899,158
1016,E2,2268,159
1185,S4,1041,159
1009,S1,2840,160
1015,E2,1956,163
1048,N4,5004,163
1938,S4,788,163
2182,N4,2012,163
1935,S3,172,164
465,N5,2285,166
2271,E4,824,166
619,N3,658,167
928,E2,2372,167
2171,W5,894,167
819,E4,1698,169
260,W1,1276,171
417,W1,1877,171
1357,S4,609,171
1629,E4,1252,171
1660,E5,1881,171
2378,E2,481,172
798,E1,1172,174
1043,E3,1798,174
275,W4,413,175
2266,N5,459,175
831,E1,1742,176
1317,S3,1746,177
1479,N5,369,178
638,S2,321,179
208,E1,2693,180
921,N3,679,181
1482,S3,726,181
1587,E5,2469,181
751,E5,1574,182
1617,W1,1192,182
505,E4,1247,185
69,E3,1339,186
1392,E4,1041,186
565,E5,2821,187
657,W1,2223,188
1729,E2,1273,188
2049,S2,1708,188
2303,E4,1224,188
1619,N4,1123,189
996,N2,257,190
1444,N3,2384,190
2203,W1,1555,190
827,N5,1729,191
1222,S1,1694,192
879,E5,785,193
1960,E3,1570,195
1373,W1,1564,196
314,E1,1016,199
1685,E5,950,199
625,W4,1234,200
224,W1,3516,201
1259,E1,2121,202
2126,E2,1417,202
2189,E1,2948,202
1989,S3,675,204
2033,W1,1482,206
2143,W3,1865,207
1709,S5,1424,208
779,N5,640,209
1318,N5,115,209
1352,S4,1378,209
549,E1,2090,211
2276,W2,670,215
641,E1,745,216
1877,N4,485,216
1831,W2,193,217
2257,S4,1464,218
106,E3,1337,224
398,W2,1559,225
1085,E3,1466,227
1591,N4,739,228
2387,E4,1205,233
2104,N4,989,234
1201,E3,1564,235
2365,S5,1409,235
50,E1,2810,236
871,N1,870,239
1046,W2,490,249
2066,E4,1314,249
1971,E5,2177,259
2361,N5,261,261
1161,W2,832,270
1238,W1,1654,270
415,N1,1799,276
1548,N1,2066,278
1905,E2,1891,281
1388,W5,301,284
1874,E4,2317,285
1955,W1,1894,286
136,N1,2806,288
1600,E3,2277,289
1332,W3,1458,297
420,E3,645,305
889,E1,2097,307
455,W1,1107,311
1501,E3,1189,312
2431,S4,1731,317
2416,E4,1962,336
1290,E3,834,371
620,W4,333,389
2294,W1,1391,404
681,W1,2139,423
858,N4,1303,439
298,W4,676,446
1275,N1,1837,789
