DMA,Date
1,13/07/2016
1,30/01/2017
1,30/01/2017
5,08/10/2016
5,14/12/2016
5,09/01/2017
7,30/07/2016
7,13/08/2016
7,22/11/2016
7,07/12/2016
7,21/12/2016
7,30/12/2016
7,15/02/2017
7,07/03/2017
8,21/11/2016
11,07/06/2016
11,05/11/2016
11,20/01/2017
12,02/06/2016
12,08/12/2016
12,15/12/2016
12,29/12/2016
12,05/01/2017
12,10/01/2017
12,18/01/2017
12,24/01/2017
14,21/10/2016
14,10/11/2016
15,21/11/2016
15,11/01/2017
15,17/01/2017
16,08/10/2016
17,19/05/2016
17,27/06/2016
17,18/07/2016
17,02/08/2016
17,03/08/2016
17,28/10/2016
17,28/12/2016
17,04/01/2017
17,23/01/2017
17,07/02/2017
17,15/02/2017
17,17/02/2017
17,23/03/2017
17,30/03/2017
19,31/12/2016
19,05/02/2017
21,30/11/2016
21,05/12/2016
21,06/01/2017
21,11/01/2017
21,26/02/2017
22,29/08/2016
23,21/12/2016
24,28/11/2016
24,29/11/2016
24,30/11/2016
24,22/12/2016
26,02/03/2017
27,10/09/2016
27,26/09/2016
29,26/07/2016
29,28/07/2016
29,15/11/2016
29,01/12/2016
29,10/01/2017
30,28/01/2017
31,23/10/2016
31,19/11/2016
31,29/11/2016
31,17/01/2017
31,11/03/2017
32,08/12/2016
32,18/01/2017
33,14/09/2016
39,21/12/2016
40,05/05/2016
41,21/06/2016
41,04/08/2016
41,17/09/2016
41,29/12/2016
41,30/01/2017
43,13/08/2016
43,10/11/2016
43,19/01/2017
48,05/07/2016
48,06/12/2016
48,06/01/2017
49,18/07/2016
49,13/09/2016
49,08/12/2016
49,02/03/2017
50,28/07/2016
50,06/10/2016
51,12/08/2016
56,12/07/2016
56,10/11/2016
56,06/12/2016
59,07/04/2016
59,04/05/2016
59,06/06/2016
59,22/07/2016
59,13/09/2016
59,09/11/2016
59,18/11/2016
59,02/02/2017
59,11/02/2017
59,03/03/2017
59,04/03/2017
60,16/08/2016
60,21/03/2017
63,22/09/2016
63,08/02/2017
64,21/05/2016
64,27/09/2016
64,17/11/2016
64,24/11/2016
64,16/12/2016
64,12/01/2017
64,18/01/2017
64,19/01/2017
65,25/05/2016
65,08/06/2016
65,14/06/2016
65,30/06/2016
65,09/08/2016
65,18/09/2016
65,21/09/2016
65,01/11/2016
65,07/11/2016
65,01/12/2016
65,14/12/2016
65,27/12/2016
65,29/12/2016
65,10/02/2017
65,22/02/2017
65,01/03/2017
66,13/08/2016
66,25/10/2016
66,26/10/2016
66,11/01/2017
67,20/06/2016
68,20/06/2016
68,29/06/2016
68,23/07/2016
68,24/07/2016
68,18/08/2016
68,17/10/2016
68,17/10/2016
68,03/11/2016
68,16/11/2016
68,08/02/2017
68,16/02/2017
69,08/01/2017
69,28/03/2017
70,30/01/2017
70,02/02/2017
72,01/07/2016
73,02/11/2016
73,05/02/2017
74,01/11/2016
75,13/08/2016
76,29/11/2016
77,28/07/2016
77,09/11/2016
77,28/12/2016
78,18/04/2016
78,30/07/2016
78,30/11/2016
78,01/12/2016
78,05/12/2016
78,07/12/2016
78,03/01/2017
78,18/01/2017
78,30/01/2017
78,30/01/2017
78,22/02/2017
78,29/03/2017
79,28/06/2016
79,25/08/2016
80,05/04/2016
80,11/04/2016
80,31/10/2016
80,12/12/2016
80,20/01/2017
80,18/02/2017
82,27/07/2016
82,02/08/2016
82,12/11/2016
82,18/11/2016
84,24/09/2016
84,26/01/2017
85,21/01/2017
85,03/02/2017
90,21/07/2016
90,23/11/2016
90,21/12/2016
90,31/01/2017
90,22/02/2017
92,20/08/2016
92,06/12/2016
92,28/03/2017
94,13/11/2016
95,21/09/2016
95,21/09/2016
95,12/11/2016
97,29/04/2016
97,03/11/2016
97,05/11/2016
97,16/11/2016
97,09/12/2016
97,10/02/2017
97,28/03/2017
98,22/04/2016
98,06/07/2016
98,29/11/2016
98,04/12/2016
100,23/06/2016
100,17/08/2016
100,17/10/2016
100,24/11/2016
100,13/02/2017
102,02/08/2016
102,15/11/2016
103,13/04/2016
103,19/04/2016
103,06/07/2016
103,22/12/2016
104,02/06/2016
105,24/11/2016
105,09/12/2016
105,14/01/2017
105,19/01/2017
105,18/02/2017
106,28/07/2016
106,18/08/2016
106,25/11/2016
106,19/01/2017
109,10/04/2016
109,06/02/2017
110,24/11/2016
110,23/03/2017
111,11/11/2016
111,08/01/2017
111,25/01/2017
114,16/06/2016
114,10/08/2016
114,16/08/2016
114,21/08/2016
114,30/09/2016
114,02/01/2017
116,14/02/2017
117,13/09/2016
117,13/09/2016
119,07/11/2016
120,21/07/2016
120,08/08/2016
120,12/11/2016
121,10/06/2016
121,26/09/2016
121,08/10/2016
121,13/12/2016
122,04/04/2016
122,20/04/2016
122,02/06/2016
122,02/12/2016
122,07/12/2016
122,08/12/2016
122,04/02/2017
126,27/07/2016
126,29/09/2016
126,03/10/2016
126,05/11/2016
126,15/12/2016
126,18/01/2017
126,01/02/2017
126,16/03/2017
129,12/11/2016
129,09/12/2016
129,12/02/2017
130,03/10/2016
130,09/01/2017
130,26/01/2017
130,28/01/2017
130,26/03/2017
131,03/12/2016
131,22/12/2016
131,13/01/2017
134,13/05/2016
134,29/12/2016
135,17/11/2016
135,09/12/2016
135,14/01/2017
135,25/01/2017
136,19/04/2016
136,07/09/2016
136,02/02/2017
136,08/02/2017
138,30/01/2017
139,06/10/2016
141,08/01/2017
141,19/01/2017
143,31/03/2017
144,20/04/2016
144,20/04/2016
144,29/06/2016
144,14/10/2016
144,08/02/2017
146,16/08/2016
146,04/01/2017
147,05/05/2016
150,15/05/2016
150,16/08/2016
151,30/11/2016
151,30/12/2016
152,14/04/2016
152,28/06/2016
152,03/11/2016
152,28/12/2016
152,31/12/2016
152,01/01/2017
153,26/06/2016
153,04/08/2016
153,30/11/2016
153,24/01/2017
155,19/05/2016
156,25/08/2016
159,05/05/2016
159,30/03/2017
160,20/01/2017
162,12/01/2017
163,06/05/2016
163,08/05/2016
163,30/07/2016
163,01/08/2016
163,02/08/2016
163,25/12/2016
165,29/06/2016
165,13/09/2016
166,15/12/2016
168,02/01/2017
168,08/02/2017
168,07/03/2017
168,08/03/2017
170,02/09/2016
170,24/09/2016
170,06/10/2016
170,05/11/2016
170,01/12/2016
170,21/01/2017
170,31/03/2017
171,21/07/2016
172,05/10/2016
173,12/10/2016
173,12/10/2016
173,31/03/2017
174,09/01/2017
175,05/10/2016
175,07/12/2016
175,22/12/2016
175,01/03/2017
176,18/11/2016
181,06/06/2016
181,08/10/2016
181,04/01/2017
181,28/01/2017
181,21/02/2017
181,02/03/2017
181,12/03/2017
181,27/03/2017
182,23/02/2017
182,01/03/2017
182,20/03/2017
184,03/03/2017
184,10/03/2017
186,25/09/2016
186,28/09/2016
186,16/01/2017
188,23/08/2016
188,13/12/2016
188,17/02/2017
188,06/03/2017
189,07/01/2017
189,10/01/2017
190,01/01/2017
192,18/11/2016
192,08/02/2017
193,18/05/2016
193,27/05/2016
193,06/06/2016
193,21/09/2016
194,27/05/2016
194,17/11/2016
194,20/11/2016
194,20/11/2016
195,30/01/2017
196,12/10/2016
196,14/10/2016
196,30/11/2016
196,01/12/2016
196,29/12/2016
196,18/01/2017
197,08/07/2016
198,29/07/2016
198,12/09/2016
198,27/09/2016
198,16/11/2016
198,10/01/2017
200,19/05/2016
200,03/06/2016
200,10/08/2016
200,30/03/2017
200,30/03/2017
201,08/07/2016
201,31/12/2016
201,18/01/2017
201,20/01/2017
201,29/01/2017
201,03/02/2017
203,24/11/2016
203,28/11/2016
203,12/01/2017
204,12/04/2016
204,10/11/2016
204,23/02/2017
205,28/04/2016
205,15/10/2016
205,15/10/2016
206,07/06/2016
206,20/09/2016
206,21/09/2016
206,10/10/2016
206,09/11/2016
206,14/11/2016
206,09/12/2016
206,09/03/2017
206,29/03/2017
208,07/06/2016
208,05/09/2016
209,05/11/2016
209,08/11/2016
209,16/01/2017
209,24/01/2017
214,12/10/2016
215,04/01/2017
216,22/06/2016
218,03/06/2016
218,07/01/2017
219,21/04/2016
221,01/06/2016
221,21/07/2016
222,14/09/2016
222,03/11/2016
222,23/11/2016
222,08/12/2016
222,19/12/2016
222,02/01/2017
222,05/01/2017
222,09/01/2017
222,10/01/2017
222,14/02/2017
222,16/02/2017
224,03/09/2016
224,24/09/2016
224,09/11/2016
224,11/11/2016
224,12/11/2016
224,08/02/2017
224,10/02/2017
224,16/02/2017
225,08/04/2016
225,25/07/2016
225,04/08/2016
225,17/08/2016
225,24/08/2016
225,26/08/2016
225,26/08/2016
225,29/08/2016
225,03/10/2016
225,12/11/2016
225,08/01/2017
225,27/01/2017
226,22/04/2016
227,12/11/2016
228,31/05/2016
228,17/11/2016
228,17/11/2016
228,09/01/2017
228,10/01/2017
228,10/01/2017
228,16/01/2017
228,19/01/2017
230,03/07/2016
230,13/07/2016
230,17/07/2016
230,30/09/2016
230,18/11/2016
231,17/11/2016
231,07/12/2016
232,15/06/2016
234,29/07/2016
234,10/10/2016
234,17/11/2016
235,29/06/2016
235,03/08/2016
235,30/01/2017
236,10/11/2016
236,29/11/2016
236,07/12/2016
238,01/04/2016
238,16/01/2017
240,15/03/2017
241,02/09/2016
241,17/02/2017
241,31/03/2017
241,31/03/2017
243,07/02/2017
243,08/02/2017
243,17/02/2017
244,08/06/2016
244,19/10/2016
246,07/10/2016
247,17/01/2017
248,30/09/2016
250,12/09/2016
250,16/02/2017
251,02/08/2016
251,08/01/2017
251,23/02/2017
252,03/01/2017
252,21/02/2017
253,17/05/2016
253,31/05/2016
253,11/09/2016
254,20/07/2016
254,27/08/2016
255,22/11/2016
256,15/10/2016
257,21/09/2016
258,06/05/2016
258,09/05/2016
258,12/05/2016
258,28/03/2017
259,22/06/2016
259,19/07/2016
259,22/11/2016
260,10/10/2016
260,28/11/2016
260,23/12/2016
261,19/05/2016
261,11/07/2016
261,21/07/2016
261,03/11/2016
261,19/11/2016
261,24/11/2016
261,10/02/2017
262,16/05/2016
262,04/10/2016
262,16/12/2016
262,03/02/2017
262,12/02/2017
262,03/03/2017
263,07/10/2016
264,20/04/2016
264,19/08/2016
266,08/11/2016
266,22/11/2016
266,30/12/2016
269,12/04/2016
269,23/04/2016
269,12/11/2016
269,01/02/2017
270,12/07/2016
270,17/08/2016
270,27/11/2016
272,12/04/2016
272,23/12/2016
272,15/01/2017
274,23/04/2016
275,31/08/2016
277,13/10/2016
277,13/10/2016
278,05/04/2016
278,08/11/2016
279,23/11/2016
280,15/05/2016
280,22/09/2016
280,20/11/2016
280,25/03/2017
283,25/02/2017
285,16/06/2016
285,04/08/2016
285,25/08/2016
285,16/11/2016
286,22/04/2016
286,05/12/2016
291,02/08/2016
291,14/10/2016
293,16/01/2017
295,12/12/2016
295,06/01/2017
297,23/11/2016
298,06/05/2016
298,08/12/2016
298,23/12/2016
299,01/04/2016
299,30/11/2016
299,16/01/2017
300,13/04/2016
300,29/10/2016
300,30/12/2016
300,02/02/2017
300,20/03/2017
302,24/06/2016
302,14/09/2016
302,06/11/2016
302,29/11/2016
302,28/01/2017
302,28/01/2017
303,09/05/2016
303,14/08/2016
303,28/10/2016
303,28/02/2017
304,26/01/2017
305,18/10/2016
305,08/12/2016
306,19/11/2016
307,22/07/2016
307,22/12/2016
307,31/12/2016
309,12/09/2016
310,04/07/2016
310,29/07/2016
310,18/08/2016
311,15/06/2016
311,08/11/2016
311,22/11/2016
311,13/03/2017
313,12/11/2016
313,25/11/2016
313,28/02/2017
313,02/03/2017
313,05/03/2017
313,12/03/2017
313,22/03/2017
315,11/12/2016
315,26/12/2016
315,30/01/2017
315,10/02/2017
317,21/06/2016
318,15/07/2016
318,09/11/2016
318,29/12/2016
318,29/12/2016
318,14/02/2017
319,27/05/2016
320,18/04/2016
320,05/05/2016
322,09/06/2016
322,25/10/2016
322,29/10/2016
322,17/11/2016
322,01/01/2017
322,16/01/2017
323,27/06/2016
323,29/09/2016
323,10/10/2016
323,20/01/2017
325,09/06/2016
326,04/04/2016
326,04/11/2016
326,17/11/2016
326,13/12/2016
326,30/12/2016
326,25/01/2017
327,10/06/2016
327,21/12/2016
328,17/08/2016
328,19/12/2016
330,23/08/2016
330,08/10/2016
330,04/12/2016
330,01/02/2017
330,13/02/2017
330,23/03/2017
331,28/12/2016
332,03/01/2017
333,02/02/2017
334,31/10/2016
334,06/11/2016
334,09/01/2017
334,08/03/2017
335,14/05/2016
335,18/07/2016
335,04/08/2016
335,08/01/2017
335,18/01/2017
335,18/01/2017
335,25/01/2017
335,08/02/2017
336,01/07/2016
336,04/11/2016
336,22/11/2016
336,09/03/2017
336,11/03/2017
336,29/03/2017
337,27/08/2016
337,08/01/2017
338,21/10/2016
338,20/11/2016
339,17/01/2017
339,07/02/2017
340,27/08/2016
342,04/05/2016
342,23/06/2016
342,13/08/2016
342,06/12/2016
342,03/01/2017
343,28/02/2017
344,13/11/2016
345,13/06/2016
345,15/10/2016
345,30/11/2016
346,04/07/2016
346,17/11/2016
346,30/03/2017
347,27/12/2016
348,19/08/2016
348,23/12/2016
349,15/06/2016
349,17/08/2016
350,20/07/2016
350,05/09/2016
350,02/11/2016
352,09/10/2016
355,05/05/2016
355,14/10/2016
355,03/11/2016
355,27/03/2017
357,10/08/2016
357,22/08/2016
357,06/12/2016
357,09/12/2016
357,26/01/2017
358,31/05/2016
358,05/11/2016
358,10/11/2016
358,26/11/2016
358,17/02/2017
360,16/09/2016
360,30/01/2017
363,15/04/2016
363,14/05/2016
363,09/11/2016
363,25/01/2017
364,04/05/2016
364,10/03/2017
365,03/12/2016
365,05/02/2017
365,07/02/2017
365,16/02/2017
366,19/05/2016
366,16/06/2016
366,22/08/2016
366,31/08/2016
366,02/09/2016
366,26/10/2016
366,04/11/2016
367,04/05/2016
367,22/09/2016
367,09/10/2016
367,06/12/2016
368,12/04/2016
368,27/08/2016
368,27/01/2017
368,09/02/2017
368,20/02/2017
369,02/01/2017
369,04/03/2017
372,16/07/2016
372,06/09/2016
372,10/11/2016
372,02/02/2017
372,20/03/2017
373,13/04/2016
373,16/01/2017
376,10/06/2016
376,21/07/2016
376,06/12/2016
377,30/11/2016
378,28/10/2016
378,07/11/2016
378,25/11/2016
378,30/11/2016
378,28/12/2016
378,09/01/2017
378,17/01/2017
380,25/01/2017
382,21/10/2016
383,02/06/2016
384,18/04/2016
386,22/11/2016
388,08/09/2016
388,05/12/2016
389,25/07/2016
389,11/08/2016
389,12/08/2016
389,23/09/2016
390,06/10/2016
390,29/03/2017
390,30/03/2017
391,06/12/2016
392,24/11/2016
392,30/12/2016
392,09/01/2017
392,30/03/2017
395,12/11/2016
395,16/02/2017
398,02/09/2016
399,20/11/2016
400,30/11/2016
400,25/01/2017
401,04/05/2016
401,19/05/2016
401,04/06/2016
401,02/11/2016
402,13/09/2016
402,21/09/2016
402,03/01/2017
407,02/04/2016
407,26/05/2016
407,15/06/2016
407,18/06/2016
407,28/06/2016
407,09/09/2016
407,27/09/2016
407,18/12/2016
407,22/12/2016
408,14/11/2016
409,23/06/2016
409,23/06/2016
409,16/11/2016
409,21/12/2016
410,16/09/2016
410,23/02/2017
411,07/10/2016
411,07/01/2017
411,23/01/2017
411,25/01/2017
414,19/06/2016
414,19/06/2016
414,06/12/2016
414,02/01/2017
414,10/02/2017
414,27/03/2017
415,04/06/2016
415,29/10/2016
415,09/12/2016
415,31/01/2017
415,31/01/2017
415,27/03/2017
416,04/07/2016
416,02/11/2016
416,11/01/2017
417,14/05/2016
417,31/05/2016
417,31/05/2016
417,23/08/2016
417,07/09/2016
417,20/09/2016
417,02/01/2017
417,11/01/2017
418,03/06/2016
419,06/02/2017
420,20/11/2016
420,19/01/2017
420,06/02/2017
421,26/05/2016
421,17/07/2016
421,23/07/2016
421,10/11/2016
421,24/01/2017
421,28/03/2017
423,21/07/2016
423,29/09/2016
424,30/06/2016
424,13/07/2016
424,17/07/2016
424,25/07/2016
424,23/08/2016
424,18/09/2016
424,17/01/2017
425,30/06/2016
426,03/07/2016
429,13/05/2016
429,10/01/2017
429,08/03/2017
431,02/06/2016
431,22/10/2016
431,27/10/2016
431,10/12/2016
431,04/02/2017
432,23/08/2016
433,11/08/2016
433,04/01/2017
434,07/02/2017
435,02/04/2016
435,01/09/2016
435,10/01/2017
435,11/01/2017
435,12/01/2017
435,16/01/2017
436,27/07/2016
436,28/11/2016
438,28/04/2016
438,07/09/2016
438,16/11/2016
438,17/11/2016
438,05/01/2017
438,08/01/2017
438,03/02/2017
438,20/02/2017
439,07/01/2017
439,07/01/2017
439,08/01/2017
439,12/01/2017
440,01/02/2017
442,28/10/2016
445,31/05/2016
445,25/08/2016
445,10/10/2016
445,01/11/2016
445,10/11/2016
445,14/11/2016
445,10/03/2017
447,24/01/2017
448,13/11/2016
448,05/12/2016
449,25/01/2017
454,09/06/2016
454,17/08/2016
454,14/11/2016
454,18/11/2016
454,03/12/2016
454,11/01/2017
454,06/02/2017
455,14/07/2016
455,12/02/2017
456,28/04/2016
456,26/01/2017
456,16/02/2017
457,14/06/2016
457,09/02/2017
458,27/10/2016
460,04/04/2016
460,07/04/2016
460,01/05/2016
460,09/07/2016
460,24/09/2016
461,24/07/2016
461,18/11/2016
461,22/11/2016
462,12/01/2017
464,21/07/2016
464,14/01/2017
465,13/11/2016
465,19/12/2016
465,28/01/2017
465,03/03/2017
465,14/03/2017
465,24/03/2017
465,25/03/2017
466,20/11/2016
467,19/08/2016
467,24/01/2017
470,23/07/2016
470,16/08/2016
470,31/08/2016
470,06/09/2016
470,30/10/2016
470,25/01/2017
470,27/02/2017
472,20/09/2016
474,06/10/2016
474,10/11/2016
474,25/11/2016
475,15/08/2016
475,05/10/2016
475,10/02/2017
475,23/03/2017
475,25/03/2017
476,09/01/2017
478,04/01/2017
479,05/10/2016
479,28/11/2016
480,07/08/2016
480,27/08/2016
480,27/08/2016
480,27/08/2016
480,28/08/2016
480,01/02/2017
481,10/01/2017
482,06/01/2017
483,25/04/2016
483,27/04/2016
483,27/10/2016
483,17/11/2016
483,22/11/2016
483,23/11/2016
483,29/11/2016
483,30/11/2016
483,08/01/2017
484,06/04/2016
484,14/10/2016
484,03/11/2016
484,03/01/2017
486,11/05/2016
486,05/06/2016
486,06/07/2016
486,10/07/2016
486,12/08/2016
486,14/02/2017
488,05/09/2016
488,05/09/2016
488,08/10/2016
488,03/11/2016
488,12/12/2016
489,11/11/2016
489,15/11/2016
489,23/12/2016
490,12/10/2016
490,30/12/2016
490,03/01/2017
490,22/02/2017
491,03/09/2016
491,12/01/2017
492,15/01/2017
494,08/07/2016
494,23/11/2016
494,23/02/2017
499,11/04/2016
499,18/09/2016
499,22/10/2016
499,14/01/2017
499,01/02/2017
502,11/10/2016
505,05/06/2016
505,30/08/2016
505,02/09/2016
505,30/09/2016
505,30/11/2016
506,25/04/2016
506,26/04/2016
507,23/06/2016
507,10/08/2016
507,07/12/2016
507,20/12/2016
507,13/02/2017
507,06/03/2017
509,08/04/2016
509,26/09/2016
509,19/11/2016
509,02/01/2017
510,27/04/2016
510,17/03/2017
511,04/09/2016
511,04/09/2016
511,04/09/2016
511,02/11/2016
513,01/10/2016
513,08/11/2016
513,10/02/2017
513,19/02/2017
514,15/04/2016
514,19/04/2016
514,13/10/2016
514,28/11/2016
514,04/01/2017
516,09/07/2016
516,19/09/2016
520,03/08/2016
520,09/01/2017
520,02/02/2017
522,05/09/2016
522,30/10/2016
522,09/12/2016
522,27/01/2017
522,16/03/2017
523,09/05/2016
523,05/01/2017
523,10/01/2017
523,23/01/2017
523,08/02/2017
523,14/02/2017
524,16/08/2016
524,27/08/2016
524,15/11/2016
524,17/01/2017
524,15/02/2017
526,11/05/2016
526,18/07/2016
526,17/08/2016
526,26/10/2016
528,06/04/2016
528,14/09/2016
528,09/11/2016
528,10/11/2016
528,13/11/2016
528,06/01/2017
528,16/01/2017
528,16/01/2017
528,29/03/2017
529,25/01/2017
530,19/02/2017
530,19/02/2017
531,25/10/2016
531,07/12/2016
531,22/01/2017
533,14/09/2016
533,19/10/2016
533,24/10/2016
533,08/12/2016
536,17/07/2016
538,07/04/2016
538,26/04/2016
538,06/07/2016
538,18/07/2016
538,24/11/2016
538,05/12/2016
538,10/12/2016
538,31/01/2017
539,27/01/2017
540,29/06/2016
540,27/09/2016
540,02/12/2016
540,03/01/2017
540,18/02/2017
540,10/03/2017
542,24/05/2016
543,12/07/2016
543,18/07/2016
543,26/07/2016
543,26/07/2016
543,26/07/2016
543,08/09/2016
543,16/09/2016
543,18/10/2016
543,06/12/2016
543,22/01/2017
543,19/03/2017
544,10/04/2016
544,03/05/2016
545,25/10/2016
545,25/10/2016
545,18/01/2017
546,05/12/2016
547,11/12/2016
548,26/05/2016
548,27/05/2016
548,09/06/2016
548,30/11/2016
548,14/02/2017
548,15/02/2017
548,17/02/2017
549,01/04/2016
549,21/10/2016
549,24/10/2016
549,07/11/2016
549,11/12/2016
549,16/01/2017
549,31/01/2017
549,11/02/2017
550,15/03/2017
552,25/05/2016
553,12/06/2016
553,15/06/2016
553,19/06/2016
553,19/06/2016
553,29/06/2016
553,07/10/2016
553,17/10/2016
553,07/11/2016
553,18/12/2016
556,13/09/2016
556,17/03/2017
557,05/10/2016
558,09/09/2016
558,11/02/2017
562,04/04/2016
562,28/10/2016
562,26/11/2016
562,05/01/2017
562,01/03/2017
562,05/03/2017
563,08/05/2016
563,16/07/2016
563,26/07/2016
563,04/08/2016
563,12/09/2016
563,10/11/2016
563,13/03/2017
564,08/04/2016
565,26/04/2016
565,26/08/2016
569,04/02/2017
569,16/03/2017
570,19/05/2016
570,02/06/2016
570,29/09/2016
570,17/03/2017
571,18/02/2017
572,13/04/2016
572,28/06/2016
572,01/12/2016
575,08/06/2016
576,25/10/2016
576,24/02/2017
577,06/05/2016
577,27/06/2016
577,18/03/2017
577,20/03/2017
578,14/05/2016
578,12/07/2016
578,12/12/2016
578,28/01/2017
581,29/12/2016
581,29/01/2017
583,06/04/2016
584,02/06/2016
585,04/04/2016
585,25/05/2016
585,10/07/2016
585,23/10/2016
585,21/01/2017
585,17/02/2017
586,26/04/2016
586,19/05/2016
586,12/06/2016
586,28/06/2016
586,22/07/2016
586,23/07/2016
586,27/07/2016
586,31/07/2016
586,10/08/2016
586,11/08/2016
586,27/08/2016
586,01/09/2016
586,09/09/2016
586,21/09/2016
586,22/11/2016
586,22/11/2016
586,08/12/2016
586,12/12/2016
586,31/12/2016
586,12/01/2017
586,25/01/2017
586,07/02/2017
586,19/02/2017
588,23/02/2017
592,22/11/2016
592,13/01/2017
593,11/04/2016
593,12/06/2016
593,08/01/2017
595,08/04/2016
595,07/11/2016
595,28/12/2016
597,03/01/2017
599,04/08/2016
600,03/06/2016
600,11/10/2016
600,28/03/2017
602,13/01/2017
602,17/01/2017
603,22/08/2016
603,30/03/2017
604,14/06/2016
604,28/06/2016
604,21/07/2016
604,10/10/2016
604,05/01/2017
605,24/06/2016
606,20/01/2017
606,17/03/2017
607,12/04/2016
607,19/04/2016
607,19/06/2016
607,27/07/2016
607,04/11/2016
607,09/11/2016
607,10/11/2016
607,28/11/2016
607,13/02/2017
609,09/05/2016
609,21/03/2017
610,25/08/2016
610,05/09/2016
611,01/11/2016
611,18/03/2017
612,07/06/2016
612,26/08/2016
612,17/09/2016
614,30/06/2016
614,15/12/2016
614,16/12/2016
614,23/12/2016
614,07/01/2017
614,17/01/2017
614,28/03/2017
615,03/02/2017
617,24/11/2016
617,14/01/2017
617,22/02/2017
618,25/10/2016
619,25/09/2016
619,28/01/2017
619,21/03/2017
620,14/11/2016
621,22/12/2016
621,23/12/2016
622,11/11/2016
623,29/07/2016
623,31/01/2017
624,11/08/2016
624,11/08/2016
624,21/02/2017
625,16/08/2016
625,16/08/2016
626,11/11/2016
626,06/01/2017
626,18/01/2017
626,23/02/2017
627,04/04/2016
627,28/03/2017
630,19/12/2016
630,25/01/2017
630,14/03/2017
631,10/11/2016
631,17/11/2016
631,16/12/2016
631,28/12/2016
632,03/05/2016
632,30/06/2016
632,25/10/2016
632,30/11/2016
632,01/03/2017
632,11/03/2017
633,05/06/2016
633,07/12/2016
635,19/04/2016
635,06/12/2016
636,25/05/2016
636,26/10/2016
636,16/11/2016
636,02/12/2016
636,04/02/2017
637,15/02/2017
637,08/03/2017
637,14/03/2017
638,11/01/2017
639,28/10/2016
639,10/11/2016
639,14/03/2017
639,14/03/2017
640,11/01/2017
640,30/01/2017
641,19/05/2016
641,20/05/2016
641,19/07/2016
641,14/09/2016
641,29/01/2017
641,30/01/2017
641,08/03/2017
643,05/07/2016
644,06/06/2016
644,12/08/2016
648,26/10/2016
648,02/11/2016
648,16/11/2016
648,02/12/2016
649,10/08/2016
650,22/06/2016
650,23/07/2016
650,09/08/2016
650,05/09/2016
650,22/11/2016
650,06/12/2016
650,10/01/2017
650,21/01/2017
652,09/08/2016
652,23/01/2017
655,05/11/2016
655,05/01/2017
656,13/01/2017
657,22/01/2017
658,06/08/2016
658,07/08/2016
658,17/08/2016
658,25/11/2016
658,03/01/2017
658,04/01/2017
658,04/01/2017
658,27/01/2017
658,01/03/2017
658,26/03/2017
659,22/01/2017
661,08/04/2016
661,05/11/2016
661,26/12/2016
663,21/04/2016
663,27/04/2016
663,30/11/2016
663,05/12/2016
665,04/07/2016
667,19/04/2016
667,20/11/2016
667,02/12/2016
668,15/05/2016
668,25/05/2016
668,25/05/2016
668,07/10/2016
668,30/11/2016
668,07/02/2017
668,27/02/2017
669,01/04/2016
669,03/04/2016
669,01/05/2016
669,17/07/2016
669,14/08/2016
669,17/08/2016
669,24/12/2016
669,16/01/2017
669,26/01/2017
670,12/11/2016
670,06/12/2016
670,19/01/2017
671,28/05/2016
672,22/02/2017
672,15/03/2017
673,29/09/2016
673,27/11/2016
673,27/11/2016
673,16/02/2017
675,11/10/2016
677,01/06/2016
677,16/12/2016
678,13/08/2016
678,20/08/2016
678,01/12/2016
680,25/07/2016
680,28/07/2016
680,01/08/2016
680,14/10/2016
680,31/10/2016
680,31/10/2016
680,23/12/2016
681,08/07/2016
682,08/07/2016
682,08/07/2016
682,08/07/2016
682,25/02/2017
684,24/11/2016
686,14/05/2016
686,11/10/2016
686,15/12/2016
689,24/07/2016
689,24/07/2016
689,02/09/2016
689,23/01/2017
691,12/01/2017
691,17/01/2017
692,18/02/2017
693,18/01/2017
696,20/06/2016
696,06/09/2016
696,06/02/2017
696,09/02/2017
698,17/10/2016
698,14/03/2017
700,20/04/2016
702,06/04/2016
702,18/06/2016
702,14/01/2017
703,16/02/2017
704,23/01/2017
705,06/12/2016
705,07/12/2016
710,09/11/2016
711,10/01/2017
713,14/11/2016
713,17/11/2016
714,05/01/2017
715,15/10/2016
716,05/04/2016
716,07/05/2016
716,11/12/2016
716,10/02/2017
717,05/01/2017
718,24/06/2016
718,25/10/2016
718,25/10/2016
718,25/10/2016
718,05/12/2016
718,09/01/2017
718,13/01/2017
719,08/04/2016
719,21/05/2016
719,26/08/2016
719,05/10/2016
719,12/10/2016
719,06/02/2017
720,02/09/2016
720,12/11/2016
721,13/10/2016
721,21/11/2016
722,05/01/2017
722,28/01/2017
725,22/08/2016
725,24/09/2016
725,20/01/2017
725,25/01/2017
727,06/04/2016
728,19/11/2016
728,27/03/2017
729,24/08/2016
729,14/02/2017
729,28/02/2017
731,04/03/2017
732,15/05/2016
732,28/05/2016
732,31/07/2016
732,03/08/2016
732,17/08/2016
732,19/10/2016
732,25/11/2016
733,01/07/2016
733,31/07/2016
733,08/09/2016
733,24/09/2016
733,17/01/2017
734,02/04/2016
734,11/04/2016
734,09/09/2016
734,10/11/2016
734,09/02/2017
735,07/10/2016
735,08/01/2017
735,02/02/2017
736,18/08/2016
736,28/09/2016
736,17/02/2017
736,26/02/2017
736,28/02/2017
736,02/03/2017
736,05/03/2017
738,01/04/2016
738,28/06/2016
738,05/01/2017
742,29/05/2016
742,04/01/2017
742,15/01/2017
743,08/11/2016
743,08/12/2016
745,17/11/2016
745,19/11/2016
745,12/01/2017
745,02/03/2017
746,02/12/2016
747,30/09/2016
747,06/11/2016
747,08/11/2016
747,17/02/2017
748,10/11/2016
748,06/12/2016
748,17/12/2016
748,04/01/2017
749,12/12/2016
749,21/12/2016
750,03/07/2016
750,24/08/2016
750,26/01/2017
751,13/07/2016
751,14/07/2016
751,14/07/2016
751,14/07/2016
751,14/07/2016
751,16/07/2016
751,27/07/2016
751,16/09/2016
751,15/01/2017
753,11/10/2016
754,14/11/2016
754,12/12/2016
755,22/05/2016
755,22/05/2016
755,31/05/2016
755,01/12/2016
756,04/02/2017
757,05/01/2017
758,11/06/2016
758,15/06/2016
758,23/08/2016
758,28/11/2016
758,13/12/2016
760,27/04/2016
760,02/08/2016
760,12/01/2017
760,27/02/2017
760,05/03/2017
763,01/08/2016
763,09/02/2017
766,12/09/2016
766,01/02/2017
768,19/09/2016
768,06/12/2016
768,08/12/2016
768,27/01/2017
769,11/07/2016
769,13/07/2016
769,11/11/2016
769,14/11/2016
769,29/11/2016
769,08/02/2017
770,17/05/2016
770,09/12/2016
770,14/12/2016
770,29/12/2016
770,08/01/2017
770,10/01/2017
773,08/12/2016
774,17/01/2017
776,02/08/2016
776,12/11/2016
778,22/11/2016
778,27/11/2016
779,07/04/2016
779,17/11/2016
779,01/02/2017
780,13/11/2016
780,05/12/2016
780,18/02/2017
783,06/05/2016
784,11/02/2017
784,20/02/2017
786,24/06/2016
787,20/01/2017
790,24/02/2017
792,26/11/2016
792,11/02/2017
794,02/12/2016
794,14/02/2017
795,24/12/2016
796,11/11/2016
796,22/11/2016
796,23/11/2016
796,30/11/2016
796,07/01/2017
797,06/08/2016
798,20/09/2016
799,25/11/2016
805,27/06/2016
805,03/09/2016
805,15/02/2017
807,08/09/2016
807,04/01/2017
809,06/11/2016
811,25/07/2016
811,12/10/2016
811,11/11/2016
811,01/12/2016
811,15/01/2017
811,24/02/2017
812,25/08/2016
812,20/12/2016
812,03/02/2017
814,09/12/2016
814,13/03/2017
814,19/03/2017
815,22/06/2016
816,31/12/2016
818,04/04/2016
818,03/06/2016
818,05/06/2016
818,16/10/2016
818,23/12/2016
818,28/01/2017
819,16/08/2016
821,14/07/2016
821,12/11/2016
821,16/11/2016
821,07/12/2016
821,13/12/2016
821,13/12/2016
823,02/11/2016
823,01/12/2016
824,14/12/2016
824,14/12/2016
824,17/12/2016
824,02/03/2017
824,04/03/2017
825,10/11/2016
827,26/04/2016
827,28/07/2016
827,12/10/2016
827,04/01/2017
827,14/03/2017
828,04/04/2016
828,11/04/2016
828,28/07/2016
828,03/08/2016
828,08/10/2016
828,12/10/2016
828,12/10/2016
828,17/11/2016
830,06/02/2017
832,09/06/2016
832,10/06/2016
832,15/11/2016
832,30/11/2016
832,12/01/2017
833,01/04/2016
835,17/08/2016
835,30/11/2016
835,19/12/2016
835,24/01/2017
836,13/10/2016
836,04/12/2016
837,21/06/2016
837,13/12/2016
838,09/08/2016
838,30/08/2016
838,30/08/2016
838,20/12/2016
838,03/01/2017
839,22/09/2016
839,31/01/2017
841,05/05/2016
841,01/12/2016
841,10/02/2017
846,05/11/2016
846,14/01/2017
847,16/08/2016
847,28/10/2016
850,05/05/2016
850,03/08/2016
850,28/11/2016
850,06/12/2016
850,13/12/2016
850,29/12/2016
850,02/01/2017
850,03/02/2017
852,20/07/2016
852,09/11/2016
852,31/01/2017
853,30/08/2016
853,12/02/2017
854,02/03/2017
854,05/03/2017
855,15/09/2016
858,21/04/2016
858,10/08/2016
858,22/12/2016
859,24/09/2016
865,26/03/2017
866,10/12/2016
866,08/02/2017
867,18/08/2016
867,24/08/2016
867,11/01/2017
867,25/02/2017
869,31/08/2016
869,19/10/2016
869,26/10/2016
869,08/11/2016
869,08/12/2016
869,16/12/2016
869,23/12/2016
870,03/05/2016
870,12/11/2016
871,28/10/2016
871,31/01/2017
874,03/11/2016
874,04/01/2017
874,31/01/2017
875,12/05/2016
875,25/07/2016
875,23/08/2016
875,16/10/2016
875,28/10/2016
875,07/01/2017
875,09/01/2017
875,10/01/2017
875,25/01/2017
875,01/02/2017
876,03/01/2017
876,11/02/2017
876,23/02/2017
876,23/02/2017
876,06/03/2017
877,12/08/2016
877,15/11/2016
877,26/01/2017
877,26/01/2017
877,14/02/2017
877,20/03/2017
881,14/11/2016
881,30/11/2016
883,10/10/2016
883,29/11/2016
883,29/11/2016
883,28/01/2017
883,24/02/2017
883,26/02/2017
884,22/08/2016
884,07/11/2016
884,21/02/2017
885,14/01/2017
886,21/08/2016
886,30/11/2016
886,18/12/2016
886,30/12/2016
886,15/02/2017
887,05/10/2016
887,14/02/2017
889,22/05/2016
889,05/08/2016
889,09/11/2016
890,12/03/2017
892,23/04/2016
893,23/05/2016
893,13/09/2016
893,10/10/2016
894,16/05/2016
894,20/05/2016
894,26/09/2016
894,23/02/2017
894,28/02/2017
894,28/03/2017
896,27/01/2017
897,22/04/2016
897,19/08/2016
898,14/04/2016
898,28/04/2016
898,14/11/2016
898,28/01/2017
900,22/11/2016
901,08/06/2016
901,30/09/2016
902,16/04/2016
902,19/09/2016
902,23/11/2016
902,02/03/2017
903,21/10/2016
903,26/01/2017
907,11/07/2016
907,08/12/2016
907,22/12/2016
907,05/01/2017
908,14/09/2016
908,22/09/2016
908,24/09/2016
908,27/09/2016
909,08/03/2017
911,23/05/2016
911,18/02/2017
912,19/08/2016
912,21/01/2017
913,12/12/2016
914,13/04/2016
914,01/08/2016
914,09/09/2016
914,28/10/2016
915,15/12/2016
915,18/02/2017
915,27/02/2017
917,08/07/2016
917,08/07/2016
917,14/07/2016
917,13/08/2016
917,12/01/2017
917,09/03/2017
919,22/11/2016
919,02/12/2016
919,08/12/2016
919,09/12/2016
920,03/01/2017
921,12/08/2016
921,21/10/2016
921,31/10/2016
921,02/12/2016
921,29/12/2016
922,21/02/2017
923,05/10/2016
923,14/10/2016
924,02/04/2016
924,28/11/2016
924,16/02/2017
925,08/04/2016
925,27/04/2016
925,19/07/2016
925,20/11/2016
925,18/12/2016
925,04/01/2017
925,30/01/2017
925,31/01/2017
925,18/02/2017
925,22/03/2017
926,13/04/2016
926,14/09/2016
928,16/05/2016
928,14/06/2016
928,29/11/2016
928,05/01/2017
928,08/01/2017
928,16/01/2017
928,31/03/2017
930,25/01/2017
930,16/03/2017
931,23/08/2016
931,20/03/2017
933,17/09/2016
933,08/01/2017
935,28/04/2016
935,01/06/2016
935,03/07/2016
935,16/09/2016
935,22/10/2016
935,24/11/2016
935,29/11/2016
936,21/11/2016
936,28/12/2016
936,07/01/2017
937,06/10/2016
937,25/10/2016
937,27/10/2016
937,09/11/2016
937,03/02/2017
937,15/02/2017
937,26/02/2017
937,27/03/2017
940,13/12/2016
941,21/10/2016
941,05/12/2016
941,06/01/2017
941,19/01/2017
943,03/08/2016
944,27/04/2016
947,07/11/2016
947,23/01/2017
947,23/01/2017
948,06/06/2016
948,24/07/2016
948,21/11/2016
948,06/01/2017
948,22/03/2017
950,15/01/2017
950,22/02/2017
951,12/09/2016
951,22/09/2016
951,19/10/2016
951,20/02/2017
951,20/02/2017
952,11/08/2016
952,19/11/2016
953,24/11/2016
953,02/12/2016
955,29/09/2016
955,07/11/2016
955,14/11/2016
955,16/11/2016
955,15/12/2016
957,02/08/2016
957,25/10/2016
959,10/10/2016
959,11/10/2016
959,28/12/2016
960,29/12/2016
960,20/01/2017
962,26/10/2016
963,06/04/2016
965,26/05/2016
965,24/10/2016
965,06/01/2017
965,07/02/2017
965,10/03/2017
965,10/03/2017
966,29/03/2017
967,12/11/2016
967,08/03/2017
969,26/10/2016
969,22/02/2017
971,02/06/2016
971,06/08/2016
971,27/09/2016
971,25/11/2016
971,28/01/2017
972,26/08/2016
972,08/09/2016
973,20/06/2016
973,22/10/2016
973,28/12/2016
973,08/01/2017
974,20/04/2016
974,03/11/2016
974,10/12/2016
974,30/12/2016
976,24/10/2016
976,29/11/2016
976,10/12/2016
976,17/03/2017
977,22/06/2016
977,22/06/2016
977,04/10/2016
977,17/11/2016
977,26/11/2016
978,08/11/2016
979,13/08/2016
979,06/12/2016
979,08/12/2016
979,20/01/2017
979,12/03/2017
979,15/03/2017
980,21/11/2016
980,23/11/2016
980,01/01/2017
981,21/06/2016
981,06/09/2016
981,07/09/2016
981,04/10/2016
981,10/02/2017
981,16/02/2017
981,23/03/2017
981,23/03/2017
983,14/11/2016
984,29/08/2016
986,09/04/2016
986,09/01/2017
986,10/01/2017
989,16/05/2016
989,06/10/2016
989,28/10/2016
989,11/11/2016
989,28/11/2016
990,13/12/2016
992,16/05/2016
992,14/06/2016
992,14/06/2016
992,04/12/2016
992,18/12/2016
992,09/01/2017
992,10/01/2017
992,24/01/2017
992,31/01/2017
992,31/01/2017
994,17/05/2016
994,01/07/2016
994,02/08/2016
994,03/01/2017
994,15/01/2017
994,25/02/2017
995,08/04/2016
995,30/10/2016
995,17/11/2016
995,02/12/2016
996,06/05/2016
996,11/11/2016
996,18/01/2017
996,31/01/2017
996,31/01/2017
1002,21/10/2016
1003,28/01/2017
1005,17/10/2016
1006,26/05/2016
1006,18/09/2016
1006,20/09/2016
1006,17/11/2016
1006,21/02/2017
1007,15/11/2016
1009,26/09/2016
1009,18/01/2017
1009,20/01/2017
1009,26/02/2017
1009,10/03/2017
1010,05/11/2016
1011,01/10/2016
1011,13/12/2016
1011,06/01/2017
1011,09/01/2017
1011,13/02/2017
1012,13/01/2017
1013,02/11/2016
1013,23/11/2016
1013,25/01/2017
1014,26/11/2016
1015,12/08/2016
1015,09/12/2016
1015,07/03/2017
1016,27/09/2016
1016,16/12/2016
1017,10/04/2016
1017,07/12/2016
1017,10/02/2017
1022,25/11/2016
1022,14/01/2017
1022,17/01/2017
1022,18/01/2017
1022,26/01/2017
1022,02/02/2017
1024,30/11/2016
1025,13/05/2016
1025,14/06/2016
1025,07/02/2017
1026,16/05/2016
1026,24/05/2016
1026,02/12/2016
1026,08/12/2016
1026,12/12/2016
1026,23/01/2017
1026,31/01/2017
1026,01/02/2017
1027,21/07/2016
1027,05/08/2016
1027,19/08/2016
1027,21/08/2016
1027,31/08/2016
1027,15/09/2016
1027,22/09/2016
1027,15/01/2017
1028,13/12/2016
1029,16/04/2016
1029,19/04/2016
1029,26/07/2016
1029,24/09/2016
1029,06/11/2016
1029,11/11/2016
1029,29/12/2016
1029,04/01/2017
1029,20/01/2017
1030,29/07/2016
1030,09/03/2017
1031,09/05/2016
1031,30/06/2016
1031,01/09/2016
1031,13/10/2016
1031,10/01/2017
1031,29/01/2017
1031,24/02/2017
1032,19/05/2016
1032,07/12/2016
1033,08/05/2016
1033,05/12/2016
1034,09/06/2016
1038,13/01/2017
1039,13/12/2016
1039,17/01/2017
1039,19/02/2017
1039,19/02/2017
1040,15/01/2017
1042,12/10/2016
1042,11/11/2016
1043,28/04/2016
1043,03/05/2016
1043,12/12/2016
1043,21/03/2017
1044,25/04/2016
1044,10/11/2016
1044,09/12/2016
1044,20/12/2016
1044,27/01/2017
1045,16/11/2016
1045,31/12/2016
1045,03/01/2017
1045,05/01/2017
1045,13/01/2017
1045,13/01/2017
1046,19/11/2016
1046,21/11/2016
1047,02/08/2016
1047,29/03/2017
1048,05/05/2016
1048,20/05/2016
1048,27/05/2016
1048,02/06/2016
1048,04/07/2016
1048,16/08/2016
1048,27/08/2016
1048,09/09/2016
1048,15/09/2016
1048,29/10/2016
1048,03/11/2016
1048,07/11/2016
1048,25/11/2016
1048,03/12/2016
1048,26/12/2016
1048,03/01/2017
1048,08/01/2017
1048,11/01/2017
1048,26/01/2017
1048,06/02/2017
1049,11/01/2017
1049,11/02/2017
1051,09/07/2016
1052,10/03/2017
1053,06/10/2016
1053,18/10/2016
1053,23/10/2016
1053,09/11/2016
1054,11/04/2016
1054,01/02/2017
1055,18/08/2016
1055,25/08/2016
1055,09/09/2016
1055,08/10/2016
1055,04/11/2016
1055,19/11/2016
1057,26/07/2016
1057,08/11/2016
1059,16/02/2017
1061,06/12/2016
1063,04/04/2016
1063,17/06/2016
1063,02/11/2016
1063,08/11/2016
1063,10/02/2017
1063,22/03/2017
1063,23/03/2017
1065,04/01/2017
1067,04/08/2016
1068,24/11/2016
1068,28/12/2016
1069,14/08/2016
1069,03/10/2016
1069,03/10/2016
1069,10/11/2016
1069,04/01/2017
1069,19/01/2017
1069,24/02/2017
1069,12/03/2017
1071,30/07/2016
1072,12/07/2016
1072,10/08/2016
1072,09/10/2016
1072,21/01/2017
1072,03/02/2017
1073,03/01/2017
1073,29/01/2017
1076,17/01/2017
1076,04/02/2017
1077,10/07/2016
1077,30/11/2016
1077,05/01/2017
1077,10/01/2017
1080,15/10/2016
1080,10/11/2016
1080,23/11/2016
1082,19/07/2016
1082,15/09/2016
1082,16/01/2017
1082,03/02/2017
1082,04/02/2017
1082,05/02/2017
1082,17/03/2017
1082,22/03/2017
1083,08/04/2016
1083,12/04/2016
1083,26/09/2016
1083,28/09/2016
1083,01/12/2016
1083,05/12/2016
1085,11/04/2016
1085,20/08/2016
1085,15/11/2016
1085,18/11/2016
1085,30/01/2017
1085,10/03/2017
1086,24/08/2016
1086,02/02/2017
1088,08/08/2016
1088,06/11/2016
1088,18/12/2016
1088,18/02/2017
1089,20/07/2016
1089,09/11/2016
1089,22/11/2016
1089,15/12/2016
1091,15/11/2016
1093,30/03/2017
1094,18/01/2017
1094,09/02/2017
1095,14/10/2016
1096,07/04/2016
1096,03/11/2016
1096,04/11/2016
1096,05/11/2016
1096,30/11/2016
1096,12/01/2017
1096,04/03/2017
1100,07/11/2016
1100,23/01/2017
1101,07/06/2016
1101,09/06/2016
1101,25/10/2016
1101,12/11/2016
1103,12/03/2017
1104,09/01/2017
1104,20/01/2017
1104,21/01/2017
1105,22/11/2016
1106,10/10/2016
1106,02/03/2017
1106,03/03/2017
1106,28/03/2017
1107,24/10/2016
1108,05/11/2016
1110,07/12/2016
1110,06/01/2017
1112,05/12/2016
1115,21/12/2016
1116,27/01/2017
1116,27/01/2017
1116,04/03/2017
1116,30/03/2017
1117,15/02/2017
1121,28/05/2016
1121,24/08/2016
1121,21/01/2017
1121,15/02/2017
1122,24/06/2016
1122,25/07/2016
1123,06/05/2016
1123,19/12/2016
1126,05/05/2016
1129,29/11/2016
1130,11/07/2016
1133,28/12/2016
1136,04/07/2016
1136,19/01/2017
1137,22/04/2016
1138,14/07/2016
1138,20/07/2016
1138,29/07/2016
1138,11/08/2016
1138,12/08/2016
1138,21/08/2016
1138,15/12/2016
1139,11/04/2016
1140,27/06/2016
1140,27/09/2016
1140,29/09/2016
1140,06/11/2016
1140,18/11/2016
1140,15/12/2016
1140,11/02/2017
1140,20/02/2017
1140,13/03/2017
1141,23/05/2016
1141,17/06/2016
1141,09/09/2016
1143,29/11/2016
1143,30/01/2017
1143,28/02/2017
1144,10/02/2017
1145,31/08/2016
1145,01/09/2016
1145,17/12/2016
1145,29/01/2017
1145,31/01/2017
1146,25/04/2016
1146,03/06/2016
1146,08/01/2017
1146,26/02/2017
1148,01/08/2016
1148,06/12/2016
1148,20/01/2017
1148,22/01/2017
1148,28/02/2017
1149,03/02/2017
1150,20/02/2017
1152,29/12/2016
1152,12/01/2017
1152,10/02/2017
1153,15/06/2016
1153,15/06/2016
1153,16/09/2016
1153,15/10/2016
1153,08/01/2017
1153,09/03/2017
1154,15/04/2016
1154,19/10/2016
1154,17/02/2017
1156,22/07/2016
1156,13/12/2016
1156,16/12/2016
1156,03/01/2017
1156,08/01/2017
1157,10/09/2016
1157,12/10/2016
1157,22/12/2016
1159,28/06/2016
1160,20/04/2016
1160,17/01/2017
1160,17/01/2017
1160,17/01/2017
1160,20/01/2017
1160,20/01/2017
1162,23/04/2016
1162,07/10/2016
1164,08/08/2016
1164,18/08/2016
1164,03/10/2016
1164,22/11/2016
1164,17/12/2016
1164,06/01/2017
1164,06/01/2017
1164,09/01/2017
1164,15/01/2017
1164,18/01/2017
1164,19/01/2017
1164,26/01/2017
1164,13/02/2017
1164,22/02/2017
1165,05/01/2017
1165,16/01/2017
1166,01/02/2017
1166,06/03/2017
1167,30/12/2016
1170,20/06/2016
1170,02/10/2016
1174,06/07/2016
1174,18/07/2016
1174,19/07/2016
1174,26/07/2016
1174,27/07/2016
1174,28/07/2016
1174,19/12/2016
1175,06/02/2017
1176,21/12/2016
1177,04/08/2016
1177,14/11/2016
1177,02/01/2017
1177,09/01/2017
1177,20/02/2017
1178,17/01/2017
1178,27/01/2017
1179,10/11/2016
1181,12/12/2016
1181,02/01/2017
1181,09/01/2017
1181,21/01/2017
1182,22/04/2016
1182,10/01/2017
1182,09/02/2017
1183,12/12/2016
1183,21/12/2016
1183,29/12/2016
1183,20/01/2017
1183,25/01/2017
1186,18/06/2016
1187,12/06/2016
1187,04/09/2016
1187,04/09/2016
1187,19/01/2017
1187,20/03/2017
1188,28/12/2016
1188,14/02/2017
1188,14/02/2017
1188,20/02/2017
1188,20/02/2017
1189,27/07/2016
1189,08/09/2016
1189,17/11/2016
1189,30/11/2016
1189,26/12/2016
1189,21/01/2017
1191,01/06/2016
1191,10/09/2016
1191,18/09/2016
1191,11/01/2017
1191,25/01/2017
1192,22/01/2017
1195,09/01/2017
1195,19/01/2017
1195,07/02/2017
1195,09/02/2017
1196,13/06/2016
1197,18/02/2017
1197,25/02/2017
1198,09/01/2017
1198,09/02/2017
1198,13/02/2017
1198,11/03/2017
1199,23/07/2016
1199,12/12/2016
1201,08/07/2016
1203,12/07/2016
1203,03/08/2016
1203,07/09/2016
1203,19/09/2016
1203,22/10/2016
1203,06/11/2016
1203,30/12/2016
1203,13/02/2017
1204,21/02/2017
1205,24/11/2016
1205,28/12/2016
1207,23/06/2016
1207,02/09/2016
1208,02/03/2017
1209,01/04/2016
1209,13/05/2016
1209,26/06/2016
1209,28/07/2016
1209,20/08/2016
1209,25/11/2016
1209,10/12/2016
1209,12/12/2016
1209,06/01/2017
1209,11/01/2017
1209,24/01/2017
1210,28/11/2016
1212,03/04/2016
1212,15/04/2016
1212,18/04/2016
1213,11/01/2017
1215,15/08/2016
1215,15/08/2016
1215,03/01/2017
1216,28/11/2016
1216,21/01/2017
1217,16/03/2017
1221,01/01/2017
1221,03/03/2017
1221,07/03/2017
1222,10/05/2016
1222,16/05/2016
1222,18/05/2016
1222,29/05/2016
1222,17/06/2016
1222,27/11/2016
1222,23/03/2017
1223,16/12/2016
1224,09/11/2016
1225,26/11/2016
1227,30/10/2016
1227,12/01/2017
1228,10/11/2016
1230,21/12/2016
1230,04/01/2017
1230,13/01/2017
1230,07/03/2017
1231,09/03/2017
1232,01/09/2016
1232,04/09/2016
1232,12/11/2016
1232,12/01/2017
1233,17/08/2016
1233,19/08/2016
1233,06/09/2016
1233,26/10/2016
1233,01/11/2016
1233,15/11/2016
1233,06/12/2016
1233,31/12/2016
1233,03/01/2017
1234,26/11/2016
1234,05/01/2017
1235,17/08/2016
1235,30/11/2016
1236,30/01/2017
1238,22/10/2016
1238,05/12/2016
1238,07/12/2016
1238,08/12/2016
1238,07/01/2017
1238,10/01/2017
1238,25/01/2017
1238,26/01/2017
1238,31/01/2017
1238,01/02/2017
1238,04/02/2017
1239,17/04/2016
1242,14/11/2016
1242,16/12/2016
1242,06/02/2017
1243,07/09/2016
1244,05/09/2016
1245,16/06/2016
1245,22/08/2016
1247,31/10/2016
1248,06/10/2016
1248,27/12/2016
1250,02/03/2017
1252,11/07/2016
1252,13/07/2016
1252,30/08/2016
1252,01/11/2016
1253,25/11/2016
1256,15/09/2016
1257,19/07/2016
1257,18/08/2016
1257,24/11/2016
1257,05/12/2016
1257,16/01/2017
1258,17/05/2016
1258,18/06/2016
1258,19/06/2016
1258,03/08/2016
1258,04/08/2016
1258,01/01/2017
1259,10/11/2016
1259,07/01/2017
1262,11/10/2016
1262,18/11/2016
1262,07/12/2016
1262,07/12/2016
1263,24/05/2016
1263,14/07/2016
1263,03/08/2016
1263,14/02/2017
1264,22/04/2016
1264,15/10/2016
1264,14/11/2016
1264,02/12/2016
1264,06/12/2016
1264,10/01/2017
1264,11/01/2017
1264,15/01/2017
1264,14/03/2017
1264,22/03/2017
1265,01/04/2016
1265,11/11/2016
1265,18/11/2016
1265,20/11/2016
1265,24/11/2016
1265,25/01/2017
1266,04/04/2016
1267,02/01/2017
1268,26/04/2016
1268,09/09/2016
1268,14/02/2017
1271,27/10/2016
1271,03/11/2016
1273,21/04/2016
1273,07/02/2017
1274,28/10/2016
1274,17/03/2017
1274,17/03/2017
1275,14/11/2016
1275,11/12/2016
1277,22/07/2016
1278,18/07/2016
1278,18/07/2016
1279,03/03/2017
1279,03/03/2017
1280,10/12/2016
1280,20/01/2017
1280,26/03/2017
1282,25/07/2016
1282,16/01/2017
1287,25/08/2016
1290,06/04/2016
1290,16/09/2016
1292,07/10/2016
1293,11/04/2016
1293,21/05/2016
1293,20/07/2016
1293,18/10/2016
1293,17/11/2016
1294,26/05/2016
1294,09/11/2016
1294,10/11/2016
1294,12/11/2016
1294,27/11/2016
1294,27/11/2016
1294,03/01/2017
1294,29/01/2017
1295,20/06/2016
1295,20/06/2016
1295,28/11/2016
1295,01/12/2016
1295,14/12/2016
1296,07/05/2016
1296,11/07/2016
1296,29/12/2016
1296,04/01/2017
1296,23/01/2017
1296,24/01/2017
1296,02/02/2017
1296,04/02/2017
1297,31/07/2016
1297,07/09/2016
1297,08/10/2016
1297,22/10/2016
1297,23/10/2016
1297,22/11/2016
1297,11/01/2017
1298,14/06/2016
1298,07/01/2017
1299,26/04/2016
1299,09/08/2016
1299,01/09/2016
1299,02/09/2016
1299,15/02/2017
1303,19/04/2016
1303,12/12/2016
1303,29/12/2016
1304,07/10/2016
1304,21/12/2016
1304,03/01/2017
1304,08/03/2017
1305,28/06/2016
1305,20/07/2016
1305,25/11/2016
1305,04/12/2016
1305,14/02/2017
1305,21/02/2017
1305,23/02/2017
1306,27/06/2016
1306,06/07/2016
1306,05/09/2016
1306,16/11/2016
1306,14/01/2017
1307,29/04/2016
1307,07/10/2016
1307,18/10/2016
1307,28/11/2016
1307,03/12/2016
1307,19/01/2017
1308,24/05/2016
1308,06/12/2016
1309,01/11/2016
1309,20/12/2016
1309,11/03/2017
1310,21/06/2016
1310,28/07/2016
1310,14/11/2016
1310,05/03/2017
1310,24/03/2017
1311,26/09/2016
1311,09/01/2017
1311,17/01/2017
1311,21/02/2017
1312,14/03/2017
1313,09/05/2016
1313,13/05/2016
1313,15/06/2016
1313,20/01/2017
1313,01/03/2017
1314,12/07/2016
1314,06/01/2017
1314,06/01/2017
1316,03/09/2016
1317,08/06/2016
1317,24/10/2016
1317,02/11/2016
1317,21/02/2017
1317,24/02/2017
1317,29/03/2017
1318,11/10/2016
1319,11/04/2016
1319,22/05/2016
1319,09/10/2016
1319,28/11/2016
1321,18/11/2016
1322,21/12/2016
1323,13/05/2016
1324,22/11/2016
1324,31/01/2017
1324,08/02/2017
1325,12/04/2016
1325,13/10/2016
1325,25/10/2016
1325,02/11/2016
1325,07/11/2016
1325,09/12/2016
1325,25/01/2017
1325,27/01/2017
1325,05/02/2017
1325,14/02/2017
1325,05/03/2017
1328,01/03/2017
1330,19/11/2016
1332,03/02/2017
1332,18/02/2017
1333,28/04/2016
1334,21/05/2016
1334,17/11/2016
1334,27/11/2016
1334,01/12/2016
1334,21/03/2017
1335,25/04/2016
1335,26/08/2016
1337,02/06/2016
1337,03/06/2016
1337,24/10/2016
1339,06/09/2016
1339,05/10/2016
1339,30/11/2016
1339,07/12/2016
1339,12/12/2016
1339,28/12/2016
1339,28/12/2016
1339,17/01/2017
1339,31/01/2017
1339,08/03/2017
1340,21/02/2017
1343,05/08/2016
1343,07/09/2016
1345,21/04/2016
1345,02/02/2017
1346,05/04/2016
1346,28/07/2016
1346,20/08/2016
1346,31/10/2016
1346,31/01/2017
1348,19/06/2016
1348,29/06/2016
1348,24/07/2016
1348,08/12/2016
1348,08/12/2016
1348,09/12/2016
1348,06/03/2017
1351,13/05/2016
1351,17/05/2016
1351,20/01/2017
1355,12/04/2016
1355,14/04/2016
1355,10/05/2016
1355,03/11/2016
1355,09/12/2016
1356,28/10/2016
1356,05/12/2016
1356,30/12/2016
1356,17/02/2017
1357,14/01/2017
1357,27/02/2017
1359,20/05/2016
1359,08/07/2016
1359,29/09/2016
1359,03/10/2016
1359,28/11/2016
1359,09/12/2016
1359,09/12/2016
1359,28/02/2017
1360,28/10/2016
1361,21/04/2016
1362,23/11/2016
1362,01/12/2016
1363,11/04/2016
1363,11/04/2016
1363,23/03/2017
1365,05/11/2016
1368,06/04/2016
1369,09/06/2016
1369,02/12/2016
1371,11/04/2016
1372,13/02/2017
1372,21/02/2017
1374,26/04/2016
1374,31/05/2016
1374,07/10/2016
1374,24/11/2016
1374,08/12/2016
1374,27/12/2016
1374,02/03/2017
1376,08/11/2016
1376,29/12/2016
1377,21/12/2016
1378,19/05/2016
1379,14/11/2016
1379,14/11/2016
1380,30/12/2016
1380,21/01/2017
1380,14/02/2017
1381,25/05/2016
1382,19/07/2016
1382,01/12/2016
1382,03/01/2017
1383,04/04/2016
1383,30/01/2017
1383,18/02/2017
1384,14/04/2016
1384,09/01/2017
1385,28/10/2016
1387,09/12/2016
1387,06/01/2017
1387,17/01/2017
1388,17/11/2016
1389,12/04/2016
1389,12/04/2016
1389,14/04/2016
1389,29/04/2016
1389,10/08/2016
1389,13/11/2016
1389,29/11/2016
1389,06/12/2016
1389,20/01/2017
1389,23/01/2017
1389,31/01/2017
1392,13/08/2016
1392,17/08/2016
1392,18/08/2016
1392,20/08/2016
1392,20/08/2016
1392,19/10/2016
1392,13/12/2016
1392,08/01/2017
1392,17/01/2017
1394,19/12/2016
1394,06/01/2017
1395,27/08/2016
1395,29/12/2016
1395,13/02/2017
1395,21/02/2017
1395,24/02/2017
1398,29/10/2016
1398,01/02/2017
1399,20/06/2016
1399,17/03/2017
1400,04/08/2016
1400,03/09/2016
1400,08/01/2017
1400,15/02/2017
1400,15/02/2017
1401,18/05/2016
1402,13/10/2016
1402,15/10/2016
1402,09/11/2016
1403,21/04/2016
1403,01/11/2016
1406,22/06/2016
1406,19/07/2016
1406,19/07/2016
1406,06/12/2016
1406,02/02/2017
1406,14/02/2017
1412,27/06/2016
1412,18/11/2016
1412,08/02/2017
1414,06/07/2016
1414,20/11/2016
1414,20/12/2016
1416,17/01/2017
1416,12/02/2017
1417,10/10/2016
1417,08/12/2016
1418,14/09/2016
1421,04/09/2016
1421,15/11/2016
1421,01/12/2016
1421,17/02/2017
1422,07/05/2016
1422,28/11/2016
1425,14/05/2016
1426,23/08/2016
1427,25/07/2016
1429,11/06/2016
1429,24/12/2016
1430,29/10/2016
1430,14/11/2016
1430,18/01/2017
1430,14/03/2017
1431,29/08/2016
1433,11/05/2016
1434,06/12/2016
1434,17/03/2017
1436,14/06/2016
1436,21/06/2016
1436,17/07/2016
1436,21/07/2016
1436,10/11/2016
1436,17/01/2017
1437,03/11/2016
1437,15/12/2016
1439,07/04/2016
1439,20/10/2016
1439,28/12/2016
1439,05/03/2017
1439,09/03/2017
1440,31/01/2017
1441,10/04/2016
1441,10/04/2016
1441,26/05/2016
1441,03/02/2017
1441,16/02/2017
1442,09/10/2016
1442,10/10/2016
1443,02/11/2016
1444,24/05/2016
1444,25/06/2016
1444,04/07/2016
1444,27/09/2016
1444,24/11/2016
1444,27/11/2016
1444,28/11/2016
1444,01/12/2016
1444,23/12/2016
1444,03/01/2017
1444,06/01/2017
1444,10/01/2017
1444,14/02/2017
1444,14/02/2017
1444,13/03/2017
1446,17/02/2017
1447,04/04/2016
1447,11/04/2016
1447,24/05/2016
1447,25/05/2016
1447,23/07/2016
1447,24/07/2016
1447,21/09/2016
1447,10/11/2016
1447,22/12/2016
1447,28/01/2017
1447,10/02/2017
1447,06/03/2017
1448,12/04/2016
1448,10/06/2016
1448,23/08/2016
1448,23/11/2016
1448,29/11/2016
1448,01/12/2016
1448,20/12/2016
1450,11/01/2017
1451,14/08/2016
1451,27/02/2017
1452,21/07/2016
1452,25/07/2016
1452,30/08/2016
1452,14/10/2016
1452,01/11/2016
1452,01/11/2016
1452,17/11/2016
1452,29/11/2016
1452,01/12/2016
1452,01/12/2016
1452,29/12/2016
1452,23/01/2017
1452,03/03/2017
1452,21/03/2017
1453,23/10/2016
1454,02/06/2016
1454,19/07/2016
1454,12/11/2016
1454,22/11/2016
1455,15/07/2016
1455,16/09/2016
1455,23/11/2016
1455,26/01/2017
1455,01/03/2017
1456,25/01/2017
1458,21/03/2017
1459,14/10/2016
1459,04/12/2016
1462,22/07/2016
1462,10/01/2017
1462,19/01/2017
1463,12/05/2016
1463,20/06/2016
1463,21/07/2016
1463,18/08/2016
1463,30/12/2016
1465,29/11/2016
1465,02/12/2016
1467,04/11/2016
1468,27/06/2016
1468,29/06/2016
1468,02/07/2016
1468,25/01/2017
1470,17/03/2017
1471,13/12/2016
1472,21/11/2016
1473,26/07/2016
1473,30/07/2016
1473,30/07/2016
1473,07/08/2016
1473,15/11/2016
1473,15/11/2016
1473,29/12/2016
1473,27/01/2017
1476,15/03/2017
1477,29/09/2016
1477,20/12/2016
1477,13/03/2017
1478,20/04/2016
1478,23/08/2016
1478,09/12/2016
1478,27/03/2017
1479,14/11/2016
1479,21/11/2016
1480,12/04/2016
1480,20/08/2016
1480,26/01/2017
1481,27/10/2016
1481,16/02/2017
1482,04/05/2016
1482,31/12/2016
1482,12/01/2017
1483,14/04/2016
1483,02/12/2016
1483,19/12/2016
1483,19/01/2017
1483,19/01/2017
1483,12/02/2017
1484,02/11/2016
1484,02/11/2016
1484,02/11/2016
1484,07/11/2016
1484,30/01/2017
1484,06/02/2017
1485,29/11/2016
1485,19/01/2017
1486,02/05/2016
1486,10/11/2016
1486,19/12/2016
1486,06/02/2017
1487,18/02/2017
1489,02/10/2016
1489,12/11/2016
1489,05/12/2016
1492,23/12/2016
1492,10/03/2017
1494,07/11/2016
1496,21/06/2016
1496,13/11/2016
1497,20/07/2016
1497,06/11/2016
1497,11/01/2017
1499,22/12/2016
1499,28/12/2016
1500,28/01/2017
1501,22/07/2016
1501,17/10/2016
1501,07/12/2016
1501,02/03/2017
1502,28/09/2016
1502,26/10/2016
1503,23/09/2016
1503,11/10/2016
1504,12/11/2016
1507,11/05/2016
1507,22/06/2016
1507,17/01/2017
1508,09/12/2016
1510,11/09/2016
1510,07/12/2016
1510,09/01/2017
1511,29/04/2016
1511,29/04/2016
1511,27/05/2016
1511,24/06/2016
1511,27/06/2016
1511,06/07/2016
1511,15/07/2016
1511,27/10/2016
1511,09/12/2016
1512,25/05/2016
1512,10/11/2016
1512,26/01/2017
1512,27/01/2017
1513,30/10/2016
1513,08/11/2016
1513,13/01/2017
1514,28/08/2016
1514,18/12/2016
1514,11/01/2017
1514,29/01/2017
1515,02/05/2016
1515,18/08/2016
1516,21/04/2016
1516,18/10/2016
1516,11/11/2016
1516,06/02/2017
1517,06/04/2016
1517,15/07/2016
1517,08/08/2016
1517,17/08/2016
1517,22/08/2016
1517,20/03/2017
1521,03/12/2016
1521,06/03/2017
1522,07/11/2016
1522,22/11/2016
1523,31/05/2016
1523,04/06/2016
1523,22/06/2016
1523,25/08/2016
1523,26/09/2016
1523,26/09/2016
1523,11/10/2016
1523,14/10/2016
1523,31/10/2016
1523,02/11/2016
1523,02/11/2016
1523,10/03/2017
1524,25/04/2016
1524,26/04/2016
1524,05/12/2016
1524,08/12/2016
1525,03/07/2016
1525,23/01/2017
1525,03/03/2017
1527,25/05/2016
1528,24/11/2016
1528,31/01/2017
1529,23/07/2016
1530,08/05/2016
1530,21/11/2016
1531,30/06/2016
1531,31/07/2016
1531,08/08/2016
1531,21/03/2017
1531,24/03/2017
1532,19/04/2016
1532,28/04/2016
1532,07/08/2016
1532,05/11/2016
1532,01/02/2017
1532,07/02/2017
1533,11/05/2016
1534,09/12/2016
1535,01/08/2016
1535,01/08/2016
1535,29/09/2016
1535,23/11/2016
1535,24/11/2016
1535,29/11/2016
1535,02/01/2017
1535,14/01/2017
1535,15/01/2017
1535,22/01/2017
1535,01/02/2017
1537,15/09/2016
1537,15/02/2017
1538,03/12/2016
1539,30/11/2016
1540,06/05/2016
1541,06/12/2016
1543,19/07/2016
1543,27/01/2017
1543,29/01/2017
1543,29/01/2017
1544,04/08/2016
1544,04/08/2016
1544,15/12/2016
1545,10/09/2016
1546,11/01/2017
1547,18/11/2016
1547,21/11/2016
1548,23/11/2016
1548,19/01/2017
1550,01/09/2016
1550,28/01/2017
1552,27/10/2016
1552,24/01/2017
1552,02/03/2017
1552,03/03/2017
1552,12/03/2017
1552,15/03/2017
1552,18/03/2017
1553,26/11/2016
1553,04/01/2017
1553,04/01/2017
1553,15/02/2017
1555,25/10/2016
1555,23/11/2016
1555,27/02/2017
1556,24/05/2016
1556,28/11/2016
1557,17/06/2016
1557,23/07/2016
1557,17/03/2017
1558,06/10/2016
1559,28/10/2016
1559,18/11/2016
1560,05/04/2016
1560,09/11/2016
1560,07/01/2017
1560,11/01/2017
1561,20/08/2016
1562,13/06/2016
1562,26/07/2016
1562,18/08/2016
1562,09/09/2016
1562,30/09/2016
1562,03/11/2016
1562,15/11/2016
1562,24/01/2017
1562,19/02/2017
1562,20/02/2017
1562,15/03/2017
1563,23/11/2016
1564,03/01/2017
1564,20/01/2017
1564,30/01/2017
1565,12/07/2016
1565,23/09/2016
1566,17/01/2017
1568,14/07/2016
1568,14/07/2016
1568,14/10/2016
1568,26/10/2016
1568,01/11/2016
1568,13/11/2016
1568,08/12/2016
1568,10/01/2017
1568,12/01/2017
1568,01/02/2017
1569,26/10/2016
1569,08/01/2017
1569,13/03/2017
1569,24/03/2017
1570,06/11/2016
1570,12/12/2016
1570,22/01/2017
1571,09/11/2016
1571,03/12/2016
1571,09/01/2017
1572,11/10/2016
1572,28/12/2016
1572,03/01/2017
1572,26/01/2017
1577,08/02/2017
1577,08/02/2017
1578,30/03/2017
1579,15/11/2016
1579,05/02/2017
1580,13/11/2016
1581,29/09/2016
1581,01/12/2016
1581,14/12/2016
1581,25/01/2017
1581,24/02/2017
1582,25/04/2016
1582,27/06/2016
1582,08/12/2016
1582,05/02/2017
1582,24/02/2017
1582,04/03/2017
1583,06/09/2016
1583,21/02/2017
1584,21/09/2016
1584,23/11/2016
1585,05/02/2017
1586,25/10/2016
1586,14/11/2016
1586,02/12/2016
1586,19/01/2017
1586,30/01/2017
1586,16/02/2017
1586,17/02/2017
1586,09/03/2017
1586,13/03/2017
1587,13/06/2016
1587,14/11/2016
1587,24/01/2017
1588,18/08/2016
1588,08/11/2016
1588,12/01/2017
1590,09/01/2017
1591,28/09/2016
1591,16/11/2016
1591,12/01/2017
1591,31/03/2017
1592,13/04/2016
1592,17/06/2016
1592,28/06/2016
1592,06/08/2016
1592,22/09/2016
1592,10/01/2017
1594,22/09/2016
1594,07/01/2017
1594,25/01/2017
1594,01/03/2017
1595,28/06/2016
1595,09/01/2017
1595,17/01/2017
1596,02/01/2017
1597,15/04/2016
1597,01/09/2016
1597,28/09/2016
1597,01/10/2016
1597,04/03/2017
1597,05/03/2017
1598,06/12/2016
1598,10/03/2017
1600,03/09/2016
1600,07/09/2016
1600,06/10/2016
1600,27/10/2016
1600,05/11/2016
1600,18/11/2016
1600,05/12/2016
1604,09/12/2016
1607,18/05/2016
1607,27/02/2017
1608,02/01/2017
1609,25/01/2017
1609,16/03/2017
1611,21/04/2016
1611,21/04/2016
1611,14/07/2016
1611,30/07/2016
1611,18/10/2016
1611,30/11/2016
1611,14/02/2017
1611,14/02/2017
1612,01/02/2017
1614,26/05/2016
1614,18/07/2016
1614,14/11/2016
1614,23/03/2017
1614,25/03/2017
1616,03/11/2016
1616,31/12/2016
1617,17/03/2017
1618,15/09/2016
1618,02/11/2016
1618,25/11/2016
1618,25/11/2016
1618,28/11/2016
1618,03/01/2017
1618,02/03/2017
1618,19/03/2017
1619,16/05/2016
1619,16/05/2016
1619,30/01/2017
1619,01/02/2017
1622,07/01/2017
1623,27/11/2016
1623,07/12/2016
1623,20/12/2016
1625,10/06/2016
1625,30/06/2016
1625,20/07/2016
1625,16/08/2016
1625,12/09/2016
1625,12/09/2016
1625,12/10/2016
1625,01/03/2017
1629,17/06/2016
1629,11/02/2017
1630,27/11/2016
1630,27/11/2016
1630,28/11/2016
1630,04/01/2017
1630,12/01/2017
1630,30/03/2017
1631,06/12/2016
1631,17/02/2017
1632,15/12/2016
1633,09/05/2016
1633,23/10/2016
1633,17/11/2016
1633,01/02/2017
1633,26/02/2017
1633,07/03/2017
1633,21/03/2017
1635,16/08/2016
1636,23/02/2017
1637,20/06/2016
1638,27/05/2016
1638,20/07/2016
1638,22/07/2016
1638,29/09/2016
1638,29/09/2016
1638,08/10/2016
1638,24/10/2016
1639,16/09/2016
1639,08/10/2016
1639,04/11/2016
1639,07/01/2017
1639,10/01/2017
1640,12/08/2016
1641,07/09/2016
1641,31/10/2016
1641,27/03/2017
1641,27/03/2017
1642,20/05/2016
1643,27/02/2017
1644,06/06/2016
1644,30/08/2016
1644,10/09/2016
1644,16/02/2017
1645,09/01/2017
1645,17/01/2017
1646,07/08/2016
1647,07/04/2016
1647,21/05/2016
1647,06/09/2016
1648,17/12/2016
1649,28/07/2016
1649,20/09/2016
1649,21/10/2016
1649,23/10/2016
1649,05/11/2016
1649,24/11/2016
1649,01/12/2016
1649,21/12/2016
1649,24/02/2017
1649,18/03/2017
1650,25/05/2016
1651,25/10/2016
1651,30/12/2016
1651,03/01/2017
1651,14/01/2017
1652,07/01/2017
1653,10/11/2016
1653,01/12/2016
1653,01/01/2017
1654,13/02/2017
1654,22/02/2017
1655,01/04/2016
1655,21/06/2016
1656,04/01/2017
1658,27/06/2016
1658,25/07/2016
1658,25/07/2016
1658,14/11/2016
1658,26/02/2017
1658,01/03/2017
1659,03/01/2017
1659,05/01/2017
1660,02/04/2016
1660,05/04/2016
1660,12/10/2016
1660,21/10/2016
1660,10/11/2016
1660,16/11/2016
1660,03/12/2016
1661,01/09/2016
1661,13/10/2016
1661,10/12/2016
1662,18/05/2016
1662,27/07/2016
1662,20/11/2016
1662,01/12/2016
1662,03/12/2016
1662,02/01/2017
1663,01/07/2016
1663,06/10/2016
1663,31/10/2016
1664,29/09/2016
1664,29/10/2016
1664,02/03/2017
1665,16/04/2016
1665,22/06/2016
1665,24/11/2016
1665,22/01/2017
1666,03/08/2016
1666,03/11/2016
1666,24/11/2016
1666,27/11/2016
1666,14/12/2016
1666,29/12/2016
1666,03/02/2017
1669,01/07/2016
1669,23/11/2016
1669,31/12/2016
1669,07/03/2017
1670,15/11/2016
1670,10/01/2017
1670,22/01/2017
1670,22/03/2017
1671,01/04/2016
1671,23/09/2016
1671,20/03/2017
1672,06/05/2016
1672,29/12/2016
1672,31/01/2017
1672,06/03/2017
1673,03/04/2016
1677,08/11/2016
1677,18/03/2017
1678,01/04/2016
1678,23/07/2016
1678,29/03/2017
1679,11/05/2016
1679,08/12/2016
1679,25/01/2017
1680,20/06/2016
1681,14/10/2016
1681,18/10/2016
1681,06/01/2017
1681,03/02/2017
1681,12/02/2017
1681,13/02/2017
1683,26/05/2016
1683,12/01/2017
1683,12/01/2017
1683,18/02/2017
1684,22/07/2016
1685,20/12/2016
1687,18/01/2017
1687,22/02/2017
1688,16/08/2016
1688,08/11/2016
1688,09/12/2016
1689,22/11/2016
1689,19/01/2017
1689,06/02/2017
1690,14/06/2016
1691,02/04/2016
1691,13/06/2016
1691,27/07/2016
1691,22/12/2016
1691,29/12/2016
1691,09/01/2017
1691,10/01/2017
1691,02/02/2017
1693,15/08/2016
1693,03/02/2017
1694,27/09/2016
1694,22/11/2016
1694,29/11/2016
1694,17/03/2017
1695,09/07/2016
1695,26/01/2017
1695,17/02/2017
1696,11/10/2016
1697,21/01/2017
1697,21/01/2017
1698,08/01/2017
1698,28/01/2017
1699,07/09/2016
1699,03/01/2017
1699,11/01/2017
1699,23/01/2017
1699,11/03/2017
1701,27/08/2016
1702,27/09/2016
1702,26/11/2016
1702,15/12/2016
1702,05/01/2017
1702,06/01/2017
1702,07/02/2017
1703,12/08/2016
1703,23/11/2016
1703,22/02/2017
1704,13/04/2016
1704,19/11/2016
1705,09/02/2017
1706,22/04/2016
1706,22/04/2016
1706,13/09/2016
1706,23/09/2016
1706,09/12/2016
1706,24/12/2016
1706,10/01/2017
1706,04/02/2017
1708,01/11/2016
1708,14/11/2016
1708,04/12/2016
1710,23/11/2016
1711,06/07/2016
1711,18/07/2016
1711,05/10/2016
1711,23/12/2016
1712,02/06/2016
1712,28/03/2017
1713,10/09/2016
1713,10/12/2016
1713,14/12/2016
1713,15/12/2016
1713,09/01/2017
1713,29/01/2017
1714,15/06/2016
1714,26/07/2016
1715,26/08/2016
1717,28/05/2016
1717,09/10/2016
1717,08/12/2016
1717,11/12/2016
1717,04/01/2017
1717,10/01/2017
1717,07/02/2017
1717,23/02/2017
1717,27/02/2017
1718,31/05/2016
1718,29/03/2017
1719,20/10/2016
1721,22/04/2016
1721,23/05/2016
1721,27/05/2016
1721,11/06/2016
1721,21/07/2016
1721,23/01/2017
1721,09/02/2017
1721,02/03/2017
1721,28/03/2017
1722,20/02/2017
1724,27/05/2016
1724,03/07/2016
1724,11/07/2016
1724,15/07/2016
1724,19/07/2016
1724,20/07/2016
1724,01/08/2016
1724,14/08/2016
1724,14/08/2016
1724,27/10/2016
1724,28/12/2016
1725,08/05/2016
1725,05/08/2016
1725,16/09/2016
1725,04/12/2016
1726,13/02/2017
1727,17/07/2016
1727,21/11/2016
1727,08/12/2016
1727,22/01/2017
1728,04/06/2016
1729,24/06/2016
1729,07/07/2016
1729,28/08/2016
1729,12/12/2016
1729,25/01/2017
1729,26/01/2017
1729,21/03/2017
1730,14/07/2016
1730,13/01/2017
1732,06/01/2017
1733,17/12/2016
1735,26/11/2016
1739,21/05/2016
1739,21/05/2016
1739,23/05/2016
1739,08/08/2016
1739,06/12/2016
1739,05/01/2017
1739,28/02/2017
1739,09/03/2017
1740,13/12/2016
1740,19/01/2017
1740,22/02/2017
1741,09/03/2017
1741,31/03/2017
1742,09/09/2016
1743,28/12/2016
1744,25/08/2016
1744,04/01/2017
1744,29/03/2017
1745,06/06/2016
1746,13/12/2016
1746,11/02/2017
1746,20/02/2017
1747,13/04/2016
1747,04/08/2016
1747,23/08/2016
1747,02/09/2016
1747,10/01/2017
1747,14/02/2017
1747,28/02/2017
1749,17/10/2016
1749,15/12/2016
1749,20/12/2016
1751,06/04/2016
1751,16/01/2017
1752,07/10/2016
1752,12/11/2016
1752,09/01/2017
1757,17/10/2016
1757,29/12/2016
1757,30/12/2016
1757,04/01/2017
1757,13/01/2017
1757,16/01/2017
1757,25/01/2017
1758,13/11/2016
1758,14/11/2016
1760,24/03/2017
1762,25/07/2016
1762,07/09/2016
1762,11/11/2016
1762,29/12/2016
1762,28/01/2017
1764,03/10/2016
1764,26/10/2016
1764,27/10/2016
1764,07/11/2016
1764,04/12/2016
1765,09/09/2016
1765,12/02/2017
1765,14/02/2017
1765,17/03/2017
1766,02/07/2016
1766,21/09/2016
1766,17/10/2016
1766,18/10/2016
1766,29/10/2016
1766,03/11/2016
1766,12/11/2016
1766,30/01/2017
1767,09/02/2017
1768,29/11/2016
1768,25/01/2017
1769,03/03/2017
1771,12/12/2016
1771,13/02/2017
1772,22/10/2016
1773,12/06/2016
1773,21/06/2016
1773,03/08/2016
1774,14/05/2016
1774,18/05/2016
1774,13/08/2016
1775,18/05/2016
1776,10/12/2016
1776,21/01/2017
1777,16/08/2016
1778,28/06/2016
1778,20/07/2016
1778,24/07/2016
1778,28/07/2016
1778,18/08/2016
1778,13/12/2016
1779,27/07/2016
1780,06/03/2017
1783,08/04/2016
1783,20/06/2016
1783,15/11/2016
1783,20/01/2017
1785,22/04/2016
1785,03/06/2016
1785,26/01/2017
1786,11/04/2016
1786,29/07/2016
1786,21/12/2016
1787,15/04/2016
1791,28/07/2016
1791,05/10/2016
1791,06/12/2016
1791,06/01/2017
1792,08/02/2017
1793,19/07/2016
1793,13/01/2017
1795,24/09/2016
1797,23/05/2016
1797,25/06/2016
1798,12/03/2017
1799,20/11/2016
1800,20/11/2016
1800,02/12/2016
1801,23/08/2016
1801,15/03/2017
1802,30/07/2016
1802,02/12/2016
1802,03/01/2017
1802,10/01/2017
1803,21/07/2016
1803,29/07/2016
1803,29/07/2016
1803,01/08/2016
1803,03/10/2016
1803,02/11/2016
1803,12/12/2016
1803,26/01/2017
1803,08/02/2017
1803,24/02/2017
1805,15/10/2016
1805,16/03/2017
1806,04/07/2016
1806,05/07/2016
1807,27/09/2016
1808,11/11/2016
1808,08/12/2016
1808,26/01/2017
1809,15/07/2016
1809,15/11/2016
1809,15/02/2017
1810,21/05/2016
1810,06/12/2016
1810,17/01/2017
1810,22/01/2017
1811,09/08/2016
1811,28/01/2017
1811,02/03/2017
1812,27/07/2016
1812,25/08/2016
1812,11/09/2016
1812,17/09/2016
1812,05/12/2016
1812,15/02/2017
1813,05/05/2016
1813,10/07/2016
1814,28/03/2017
1815,12/10/2016
1815,19/01/2017
1816,28/11/2016
1816,02/01/2017
1816,04/01/2017
1816,13/01/2017
1816,06/02/2017
1816,13/02/2017
1816,15/02/2017
1816,21/03/2017
1817,04/11/2016
1818,17/02/2017
1819,21/09/2016
1822,23/09/2016
1823,05/07/2016
1825,04/01/2017
1827,31/08/2016
1827,02/09/2016
1827,16/11/2016
1827,01/02/2017
1828,26/10/2016
1828,01/02/2017
1828,23/02/2017
1829,10/04/2016
1829,22/01/2017
1830,12/03/2017
1832,11/04/2016
1832,26/04/2016
1832,15/12/2016
1832,15/02/2017
1832,27/03/2017
1834,12/10/2016
1834,04/02/2017
1837,13/05/2016
1837,26/06/2016
1837,26/09/2016
1837,13/11/2016
1837,18/11/2016
1839,05/11/2016
1841,15/04/2016
1841,10/08/2016
1841,09/09/2016
1841,07/12/2016
1842,28/07/2016
1842,18/08/2016
1842,19/01/2017
1842,27/01/2017
1844,02/08/2016
1844,15/12/2016
1845,28/06/2016
1845,30/08/2016
1847,07/04/2016
1847,02/08/2016
1847,02/08/2016
1848,06/05/2016
1848,03/11/2016
1848,25/11/2016
1848,30/11/2016
1848,14/12/2016
1848,15/12/2016
1850,06/04/2016
1850,13/10/2016
1850,13/10/2016
1850,17/11/2016
1850,22/11/2016
1850,07/12/2016
1850,29/12/2016
1850,31/12/2016
1850,04/01/2017
1850,18/01/2017
1850,19/01/2017
1850,21/01/2017
1850,31/01/2017
1850,04/02/2017
1850,07/02/2017
1850,10/02/2017
1850,10/02/2017
1850,14/03/2017
1851,19/12/2016
1851,24/03/2017
1852,09/02/2017
1853,22/11/2016
1853,09/12/2016
1854,24/09/2016
1854,09/11/2016
1854,06/12/2016
1854,06/12/2016
1854,09/01/2017
1854,10/01/2017
1855,18/04/2016
1857,23/12/2016
1857,23/12/2016
1857,08/02/2017
1858,09/01/2017
1858,06/02/2017
1859,01/12/2016
1860,05/11/2016
1861,26/07/2016
1864,05/06/2016
1864,15/09/2016
1864,30/11/2016
1868,15/07/2016
1868,17/07/2016
1868,08/02/2017
1868,17/02/2017
1868,28/02/2017
1869,05/11/2016
1869,11/11/2016
1870,06/02/2017
1870,09/02/2017
1871,03/12/2016
1871,04/01/2017
1871,04/01/2017
1871,06/03/2017
1872,19/10/2016
1872,21/10/2016
1872,19/01/2017
1872,01/03/2017
1872,15/03/2017
1873,26/10/2016
1873,03/02/2017
1875,13/08/2016
1875,13/02/2017
1875,13/02/2017
1875,15/03/2017
1877,16/08/2016
1877,16/08/2016
1877,01/09/2016
1877,17/12/2016
1877,28/12/2016
1877,05/02/2017
1878,03/06/2016
1878,19/12/2016
1878,23/03/2017
1880,21/04/2016
1880,22/04/2016
1880,01/01/2017
1880,31/01/2017
1882,08/04/2016
1882,01/12/2016
1882,06/12/2016
1883,17/02/2017
1884,03/12/2016
1885,06/09/2016
1885,22/12/2016
1888,27/06/2016
1888,16/07/2016
1888,16/10/2016
1888,20/01/2017
1891,23/02/2017
1893,07/04/2016
1893,06/10/2016
1893,19/01/2017
1894,19/05/2016
1895,27/07/2016
1895,13/09/2016
1895,20/09/2016
1895,03/11/2016
1895,20/01/2017
1895,29/01/2017
1895,28/02/2017
1896,15/12/2016
1896,15/03/2017
1896,20/03/2017
1898,20/10/2016
1900,25/10/2016
1900,16/12/2016
1901,31/01/2017
1902,14/03/2017
1903,06/04/2016
1904,20/09/2016
1904,22/09/2016
1905,10/01/2017
1905,20/01/2017
1905,06/02/2017
1906,15/06/2016
1906,28/07/2016
1906,06/08/2016
1906,17/10/2016
1906,05/12/2016
1906,30/01/2017
1906,08/02/2017
1908,06/10/2016
1908,18/10/2016
1909,25/06/2016
1909,29/06/2016
1909,29/11/2016
1909,16/02/2017
1909,18/03/2017
1910,29/10/2016
1910,17/03/2017
1911,21/07/2016
1911,16/12/2016
1913,09/01/2017
1913,14/01/2017
1914,15/11/2016
1914,08/12/2016
1915,23/04/2016
1915,16/12/2016
1915,16/01/2017
1917,13/08/2016
1919,31/05/2016
1919,11/11/2016
1919,21/11/2016
1919,03/02/2017
1924,07/08/2016
1924,19/11/2016
1925,11/04/2016
1925,25/10/2016
1925,19/12/2016
1926,18/08/2016
1927,11/08/2016
1928,13/04/2016
1928,13/04/2016
1928,31/08/2016
1928,23/01/2017
1928,23/01/2017
1928,27/01/2017
1928,07/02/2017
1928,07/02/2017
1928,20/02/2017
1931,19/11/2016
1931,03/01/2017
1932,26/05/2016
1932,13/06/2016
1932,06/01/2017
1932,10/01/2017
1932,31/01/2017
1932,03/02/2017
1932,20/02/2017
1933,09/12/2016
1934,20/02/2017
1935,05/10/2016
1936,09/01/2017
1937,17/04/2016
1938,15/02/2017
1939,17/10/2016
1940,29/01/2017
1940,09/02/2017
1941,24/05/2016
1941,11/06/2016
1941,26/08/2016
1941,30/10/2016
1941,09/11/2016
1946,30/09/2016
1946,10/03/2017
1946,22/03/2017
1946,22/03/2017
1949,17/02/2017
1951,10/06/2016
1952,18/01/2017
1953,28/06/2016
1953,09/08/2016
1953,11/01/2017
1954,11/08/2016
1954,06/11/2016
1954,01/02/2017
1954,31/03/2017
1955,18/04/2016
1955,22/08/2016
1956,19/04/2016
1956,23/05/2016
1956,28/09/2016
1957,17/05/2016
1958,30/11/2016
1958,27/01/2017
1958,27/03/2017
1958,31/03/2017
1958,31/03/2017
1959,07/06/2016
1960,30/10/2016
1960,30/12/2016
1960,26/01/2017
1960,03/02/2017
1960,09/03/2017
1961,29/06/2016
1961,12/07/2016
1961,17/03/2017
1962,14/06/2016
1962,26/07/2016
1962,04/10/2016
1962,07/10/2016
1963,17/04/2016
1963,14/06/2016
1963,14/08/2016
1963,10/09/2016
1963,27/09/2016
1963,28/10/2016
1963,29/10/2016
1963,10/11/2016
1963,01/01/2017
1963,02/02/2017
1963,14/03/2017
1963,28/03/2017
1965,06/12/2016
1965,22/01/2017
1966,02/08/2016
1966,30/08/2016
1966,23/11/2016
1966,24/03/2017
1967,20/11/2016
1969,28/06/2016
1969,20/11/2016
1969,22/11/2016
1969,28/11/2016
1969,09/12/2016
1970,29/04/2016
1970,04/05/2016
1970,09/12/2016
1971,24/11/2016
1971,28/01/2017
1971,15/02/2017
1973,19/10/2016
1973,10/01/2017
1973,24/02/2017
1974,18/01/2017
1975,14/12/2016
1975,05/01/2017
1976,17/03/2017
1977,15/11/2016
1977,02/12/2016
1979,30/04/2016
1979,19/05/2016
1979,27/05/2016
1979,11/08/2016
1979,19/08/2016
1979,21/08/2016
1979,26/08/2016
1979,17/09/2016
1979,07/11/2016
1979,07/11/2016
1983,08/04/2016
1985,24/10/2016
1985,10/11/2016
1985,10/01/2017
1986,13/03/2017
1989,03/06/2016
1989,23/06/2016
1989,23/06/2016
1989,14/10/2016
1991,20/07/2016
1991,03/01/2017
1991,19/01/2017
1992,26/05/2016
1992,25/07/2016
1992,19/08/2016
1992,19/08/2016
1992,01/11/2016
1992,10/11/2016
1992,06/12/2016
1992,19/01/2017
1992,23/02/2017
1994,22/07/2016
1994,12/11/2016
1994,26/01/2017
1996,09/11/2016
1998,10/06/2016
1998,14/06/2016
1998,15/06/2016
1998,26/10/2016
1998,06/11/2016
1998,24/11/2016
1998,31/12/2016
1998,07/01/2017
1998,15/03/2017
1999,03/11/2016
1999,27/02/2017
2000,03/11/2016
2000,08/11/2016
2000,08/11/2016
2000,08/11/2016
2001,19/05/2016
2001,30/07/2016
2001,02/09/2016
2001,30/09/2016
2001,14/10/2016
2001,01/02/2017
2001,07/03/2017
2007,20/06/2016
2007,20/06/2016
2007,29/10/2016
2007,01/12/2016
2007,04/12/2016
2007,04/12/2016
2007,02/03/2017
2007,28/03/2017
2008,24/02/2017
2009,10/07/2016
2009,25/01/2017
2009,21/02/2017
2012,13/06/2016
2012,09/07/2016
2012,19/09/2016
2012,04/12/2016
2012,09/12/2016
2012,12/01/2017
2012,21/01/2017
2012,29/03/2017
2013,23/11/2016
2014,17/11/2016
2014,25/11/2016
2016,19/08/2016
2016,16/09/2016
2016,03/11/2016
2016,15/12/2016
2018,26/01/2017
2019,04/08/2016
2019,01/12/2016
2020,08/09/2016
2020,15/11/2016
2021,29/11/2016
2021,29/11/2016
2021,04/01/2017
2021,13/01/2017
2021,18/01/2017
2022,11/01/2017
2022,22/03/2017
2023,15/07/2016
2023,10/08/2016
2023,14/11/2016
2023,19/12/2016
2026,29/12/2016
2026,05/01/2017
2027,12/04/2016
2029,08/10/2016
2029,11/10/2016
2030,25/11/2016
2030,03/01/2017
2031,03/10/2016
2032,29/06/2016
2032,21/07/2016
2032,17/09/2016
2032,02/10/2016
2032,03/11/2016
2032,23/12/2016
2032,15/01/2017
2032,16/01/2017
2033,04/08/2016
2033,01/11/2016
2033,27/01/2017
2036,07/02/2017
2037,23/05/2016
2038,12/12/2016
2038,03/01/2017
2038,04/01/2017
2038,20/01/2017
2038,31/01/2017
2038,13/02/2017
2039,28/05/2016
2039,24/06/2016
2039,21/07/2016
2040,17/10/2016
2040,09/12/2016
2041,30/09/2016
2041,18/02/2017
2041,05/03/2017
2042,12/01/2017
2042,24/01/2017
2042,22/02/2017
2043,14/06/2016
2043,04/07/2016
2043,19/10/2016
2043,27/10/2016
2043,09/01/2017
2043,11/01/2017
2043,29/01/2017
2045,25/07/2016
2045,19/11/2016
2046,24/08/2016
2046,07/11/2016
2046,23/01/2017
2047,07/04/2016
2047,16/04/2016
2047,14/09/2016
2047,01/11/2016
2047,08/12/2016
2048,26/10/2016
2053,30/01/2017
2055,23/02/2017
2057,23/07/2016
2057,28/09/2016
2059,22/04/2016
2059,08/09/2016
2059,13/09/2016
2059,20/01/2017
2060,05/12/2016
2060,13/01/2017
2060,16/02/2017
2060,19/02/2017
2061,04/11/2016
2061,08/02/2017
2062,13/10/2016
2062,15/10/2016
2062,12/11/2016
2063,28/07/2016
2063,06/09/2016
2063,28/11/2016
2063,06/12/2016
2063,31/01/2017
2063,20/03/2017
2066,10/05/2016
2066,27/05/2016
2066,02/06/2016
2066,25/11/2016
2066,29/11/2016
2066,24/03/2017
2071,14/11/2016
2071,23/11/2016
2072,07/09/2016
2072,06/02/2017
2073,19/04/2016
2073,13/11/2016
2073,05/01/2017
2073,28/01/2017
2074,23/09/2016
2074,23/09/2016
2075,25/11/2016
2075,25/11/2016
2075,07/02/2017
2075,15/02/2017
2075,17/02/2017
2075,20/02/2017
2075,14/03/2017
2075,15/03/2017
2076,22/11/2016
2076,25/02/2017
2076,27/02/2017
2076,09/03/2017
2076,22/03/2017
2076,22/03/2017
2077,13/10/2016
2078,07/02/2017
2079,05/04/2016
2079,29/04/2016
2079,13/06/2016
2079,20/10/2016
2080,08/04/2016
2080,23/05/2016
2080,26/05/2016
2081,13/11/2016
2082,02/12/2016
2082,11/01/2017
2082,01/03/2017
2084,18/12/2016
2084,10/01/2017
2088,06/12/2016
2088,05/01/2017
2090,21/05/2016
2091,21/12/2016
2092,15/08/2016
2092,13/02/2017
2093,17/04/2016
2093,13/08/2016
2093,15/01/2017
2093,02/02/2017
2095,09/05/2016
2095,09/06/2016
2095,05/08/2016
2095,25/11/2016
2095,30/11/2016
2095,21/01/2017
2095,05/02/2017
2097,25/07/2016
2097,31/07/2016
2098,17/05/2016
2099,07/09/2016
2100,15/11/2016
2100,08/12/2016
2100,29/12/2016
2100,21/02/2017
2100,21/02/2017
2101,04/08/2016
2101,06/12/2016
2101,05/01/2017
2101,08/02/2017
2102,01/08/2016
2102,14/08/2016
2104,02/12/2016
2104,16/02/2017
2104,25/02/2017
2104,17/03/2017
2106,07/02/2017
2107,31/05/2016
2108,13/08/2016
2108,17/08/2016
2108,18/08/2016
2108,25/08/2016
2108,02/11/2016
2109,10/06/2016
2110,19/06/2016
2110,27/11/2016
2110,16/01/2017
2111,16/04/2016
2111,28/12/2016
2111,27/01/2017
2111,28/01/2017
2112,01/06/2016
2112,03/11/2016
2112,27/01/2017
2114,27/07/2016
2114,31/01/2017
2117,29/07/2016
2117,13/08/2016
2117,06/10/2016
2117,05/02/2017
2118,09/11/2016
2118,15/02/2017
2119,05/06/2016
2119,02/07/2016
2119,23/11/2016
2123,22/07/2016
2124,13/07/2016
2124,31/08/2016
2124,16/12/2016
2124,16/12/2016
2124,11/01/2017
2126,23/05/2016
2126,17/12/2016
2127,21/06/2016
2127,30/09/2016
2127,11/11/2016
2127,12/01/2017
2128,23/11/2016
2129,13/12/2016
2131,13/06/2016
2131,20/06/2016
2131,13/07/2016
2131,19/07/2016
2131,26/07/2016
2131,06/08/2016
2131,08/08/2016
2131,10/08/2016
2131,22/08/2016
2131,16/12/2016
2131,05/02/2017
2131,07/03/2017
2131,11/03/2017
2131,14/03/2017
2131,24/03/2017
2131,24/03/2017
2131,27/03/2017
2132,04/07/2016
2134,15/09/2016
2134,15/12/2016
2134,30/01/2017
2134,15/02/2017
2136,19/08/2016
2136,11/09/2016
2136,25/09/2016
2136,08/10/2016
2136,12/10/2016
2136,19/11/2016
2136,22/11/2016
2136,30/11/2016
2136,07/12/2016
2136,11/01/2017
2136,29/01/2017
2136,03/02/2017
2137,08/10/2016
2137,24/03/2017
2138,22/04/2016
2138,29/11/2016
2138,28/02/2017
2139,22/10/2016
2140,05/08/2016
2141,07/09/2016
2141,25/01/2017
2143,04/08/2016
2143,24/08/2016
2143,17/10/2016
2145,07/02/2017
2146,06/07/2016
2146,30/07/2016
2147,27/08/2016
2147,02/09/2016
2148,31/01/2017
2149,10/07/2016
2150,19/09/2016
2150,10/12/2016
2153,25/08/2016
2153,04/01/2017
2155,18/11/2016
2155,24/11/2016
2156,08/04/2016
2156,27/05/2016
2156,30/12/2016
2156,09/01/2017
2157,21/07/2016
2157,03/01/2017
2157,12/01/2017
2157,19/01/2017
2157,08/03/2017
2159,21/07/2016
2159,05/12/2016
2159,30/01/2017
2159,08/02/2017
2159,17/02/2017
2160,12/06/2016
2161,25/10/2016
2162,05/08/2016
2165,18/07/2016
2165,09/09/2016
2165,22/10/2016
2165,11/11/2016
2165,22/12/2016
2165,28/12/2016
2165,14/01/2017
2166,01/12/2016
2168,13/10/2016
2168,21/11/2016
2169,30/01/2017
2170,30/07/2016
2170,11/11/2016
2174,09/12/2016
2176,11/04/2016
2176,04/06/2016
2176,05/09/2016
2176,28/10/2016
2176,06/01/2017
2176,18/01/2017
2176,08/03/2017
2180,30/07/2016
2180,02/02/2017
2180,01/03/2017
2180,08/03/2017
2180,10/03/2017
2182,14/06/2016
2182,30/11/2016
2182,01/12/2016
2182,17/01/2017
2182,24/01/2017
2182,21/02/2017
2183,22/03/2017
2185,15/11/2016
2185,30/01/2017
2187,13/09/2016
2187,22/09/2016
2187,10/10/2016
2187,15/11/2016
2188,15/08/2016
2188,13/03/2017
2189,19/11/2016
2189,08/01/2017
2190,26/07/2016
2190,02/11/2016
2190,10/01/2017
2190,01/02/2017
2190,13/03/2017
2190,13/03/2017
2191,07/07/2016
2191,08/11/2016
2192,11/06/2016
2192,03/03/2017
2193,28/06/2016
2193,24/11/2016
2194,10/06/2016
2194,05/07/2016
2194,23/11/2016
2194,14/02/2017
2196,20/05/2016
2196,06/12/2016
2197,10/08/2016
2197,12/01/2017
2197,01/02/2017
2198,23/07/2016
2198,27/10/2016
2198,01/01/2017
2199,11/04/2016
2199,20/04/2016
2199,02/06/2016
2199,28/10/2016
2199,22/12/2016
2199,12/02/2017
2201,08/04/2016
2201,13/01/2017
2203,04/04/2016
2203,09/05/2016
2203,08/06/2016
2203,26/07/2016
2203,22/10/2016
2203,25/10/2016
2203,18/11/2016
2203,20/11/2016
2205,20/04/2016
2205,18/10/2016
2205,03/03/2017
2206,08/09/2016
2206,22/03/2017
2207,12/10/2016
2207,29/12/2016
2208,09/05/2016
2208,18/08/2016
2208,23/08/2016
2208,24/11/2016
2209,10/11/2016
2209,20/01/2017
2209,07/02/2017
2212,03/10/2016
2213,05/04/2016
2213,08/05/2016
2213,02/06/2016
2213,24/10/2016
2213,09/11/2016
2213,15/11/2016
2213,06/12/2016
2213,05/01/2017
2213,17/02/2017
2214,15/10/2016
2215,26/05/2016
2215,07/07/2016
2215,06/10/2016
2218,19/08/2016
2220,26/10/2016
2222,17/08/2016
2222,31/03/2017
2223,11/11/2016
2223,29/11/2016
2223,30/12/2016
2225,17/08/2016
2225,17/08/2016
2225,18/09/2016
2225,18/09/2016
2225,27/09/2016
2225,05/12/2016
2225,14/12/2016
2225,07/01/2017
2226,19/07/2016
2227,10/01/2017
2229,09/02/2017
2229,14/02/2017
2229,14/02/2017
2229,15/02/2017
2230,22/08/2016
2230,12/11/2016
2230,09/01/2017
2230,30/01/2017
2230,16/02/2017
2230,31/03/2017
2231,14/07/2016
2232,16/06/2016
2234,15/11/2016
2234,24/01/2017
2236,29/06/2016
2236,01/07/2016
2236,07/12/2016
2236,22/12/2016
2237,22/04/2016
2237,02/09/2016
2237,05/12/2016
2237,30/12/2016
2239,01/12/2016
2239,06/02/2017
2240,01/10/2016
2240,03/11/2016
2241,22/12/2016
2241,09/03/2017
2241,15/03/2017
2241,20/03/2017
2243,08/09/2016
2243,10/01/2017
2243,11/01/2017
2243,15/01/2017
2243,19/03/2017
2245,24/11/2016
2245,02/12/2016
2246,22/06/2016
2246,17/10/2016
2246,17/11/2016
2246,09/12/2016
2246,26/12/2016
2246,04/01/2017
2248,30/08/2016
2249,24/03/2017
2252,25/11/2016
2252,13/12/2016
2253,08/11/2016
2255,09/10/2016
2255,10/11/2016
2255,06/12/2016
2255,20/02/2017
2256,11/06/2016
2256,23/03/2017
2257,25/01/2017
2258,06/05/2016
2259,10/09/2016
2259,28/10/2016
2259,01/01/2017
2262,11/01/2017
2263,11/01/2017
2264,11/05/2016
2264,08/10/2016
2264,20/11/2016
2264,04/01/2017
2265,29/11/2016
2266,15/12/2016
2266,21/12/2016
2267,04/10/2016
2269,31/01/2017
2270,30/09/2016
2271,01/11/2016
2271,03/11/2016
2271,03/11/2016
2271,07/11/2016
2271,01/02/2017
2271,17/03/2017
2271,25/03/2017
2272,08/06/2016
2273,09/01/2017
2274,28/11/2016
2274,31/12/2016
2276,21/07/2016
2278,16/07/2016
2278,27/08/2016
2278,08/03/2017
2278,23/03/2017
2279,06/12/2016
2281,18/09/2016
2281,18/11/2016
2281,20/12/2016
2281,21/12/2016
2281,08/02/2017
2282,23/06/2016
2282,13/11/2016
2282,06/01/2017
2285,21/04/2016
2288,06/02/2017
2288,25/03/2017
2288,30/03/2017
2289,22/05/2016
2289,24/05/2016
2290,18/04/2016
2290,08/09/2016
2290,30/11/2016
2290,31/12/2016
2290,13/01/2017
2290,30/01/2017
2293,05/02/2017
2294,08/11/2016
2297,12/11/2016
2298,31/05/2016
2298,20/07/2016
2298,16/01/2017
2299,14/12/2016
2299,14/12/2016
2301,08/12/2016
2301,19/12/2016
2302,20/12/2016
2305,18/05/2016
2305,24/05/2016
2305,12/09/2016
2306,23/02/2017
2307,14/12/2016
2307,19/01/2017
2307,30/01/2017
2307,14/02/2017
2309,02/12/2016
2310,27/05/2016
2310,06/01/2017
2310,03/02/2017
2310,06/02/2017
2311,02/06/2016
2311,02/11/2016
2311,05/12/2016
2311,14/12/2016
2313,13/09/2016
2313,07/10/2016
2313,07/11/2016
2313,13/11/2016
2313,14/12/2016
2313,11/01/2017
2313,04/03/2017
2313,28/03/2017
2313,29/03/2017
2313,29/03/2017
2314,27/05/2016
2314,05/06/2016
2314,01/07/2016
2314,05/01/2017
2314,28/03/2017
2315,17/11/2016
2315,08/12/2016
2315,06/01/2017
2315,15/01/2017
2315,06/02/2017
2316,10/11/2016
2317,22/04/2016
2317,25/04/2016
2317,26/04/2016
2317,28/04/2016
2317,28/04/2016
2317,24/12/2016
2317,02/02/2017
2317,13/02/2017
2318,19/04/2016
2318,26/05/2016
2318,01/08/2016
2318,15/08/2016
2318,15/08/2016
2318,13/10/2016
2318,15/11/2016
2318,23/11/2016
2318,06/01/2017
2318,17/01/2017
2318,17/01/2017
2318,18/01/2017
2319,10/11/2016
2320,27/05/2016
2320,25/02/2017
2321,16/11/2016
2321,27/11/2016
2323,09/06/2016
2323,02/09/2016
2323,05/12/2016
2323,22/12/2016
2324,03/01/2017
2327,23/11/2016
2327,11/01/2017
2328,11/07/2016
2333,26/04/2016
2333,29/06/2016
2333,06/10/2016
2334,29/04/2016
2334,10/02/2017
2337,06/01/2017
2337,27/02/2017
2337,27/02/2017
2337,13/03/2017
2337,23/03/2017
2338,24/11/2016
2338,07/01/2017
2341,27/04/2016
2341,05/01/2017
2341,02/02/2017
2341,14/02/2017
2341,07/03/2017
2341,12/03/2017
2342,25/05/2016
2342,28/05/2016
2342,06/12/2016
2343,20/04/2016
2343,09/02/2017
2344,21/04/2016
2344,11/06/2016
2344,24/11/2016
2344,03/01/2017
2344,19/01/2017
2345,29/11/2016
2346,29/05/2016
2346,30/05/2016
2346,14/01/2017
2347,19/02/2017
2348,15/09/2016
2348,14/10/2016
2348,06/11/2016
2348,02/12/2016
2348,23/12/2016
2348,30/01/2017
2348,31/01/2017
2349,08/11/2016
2349,17/11/2016
2349,05/12/2016
2349,08/12/2016
2349,19/12/2016
2350,04/04/2016
2350,18/10/2016
2350,15/02/2017
2351,22/07/2016
2351,31/08/2016
2351,31/10/2016
2351,05/12/2016
2351,21/12/2016
2351,02/01/2017
2351,06/02/2017
2351,22/02/2017
2351,23/02/2017
2352,29/11/2016
2352,08/12/2016
2353,06/02/2017
2353,28/02/2017
2355,28/04/2016
2355,28/11/2016
2356,20/10/2016
2356,29/01/2017
2357,14/11/2016
2358,10/03/2017
2359,20/05/2016
2359,21/05/2016
2359,09/09/2016
2359,10/09/2016
2359,11/09/2016
2359,25/10/2016
2361,25/07/2016
2361,17/11/2016
2361,17/03/2017
2362,12/09/2016
2362,12/09/2016
2362,13/11/2016
2362,01/02/2017
2362,01/02/2017
2362,30/03/2017
2363,08/11/2016
2364,03/02/2017
2364,07/02/2017
2365,14/06/2016
2366,24/02/2017
2367,26/04/2016
2368,02/06/2016
2368,20/09/2016
2368,27/10/2016
2368,10/11/2016
2370,28/10/2016
2373,02/11/2016
2373,19/12/2016
2373,12/01/2017
2375,23/01/2017
2375,03/03/2017
2376,11/01/2017
2377,30/07/2016
2380,08/12/2016
2380,14/12/2016
2380,16/12/2016
2380,19/12/2016
2382,26/09/2016
2382,20/11/2016
2382,13/02/2017
2382,14/02/2017
2383,04/04/2016
2385,09/01/2017
2385,27/01/2017
2385,06/02/2017
2385,23/02/2017
2386,27/01/2017
2387,19/04/2016
2387,07/05/2016
2387,10/05/2016
2387,20/07/2016
2387,28/11/2016
2389,07/07/2016
2389,07/07/2016
2389,11/10/2016
2389,27/10/2016
2389,27/10/2016
2389,01/11/2016
2389,09/11/2016
2389,09/11/2016
2389,10/11/2016
2389,11/01/2017
2390,23/08/2016
2391,27/06/2016
2391,02/09/2016
2391,11/10/2016
2391,15/11/2016
2391,15/11/2016
2391,17/01/2017
2392,17/05/2016
2392,07/02/2017
2393,18/11/2016
2393,16/12/2016
2393,30/12/2016
2393,23/01/2017
2394,17/03/2017
2395,09/08/2016
2395,07/12/2016
2395,18/02/2017
2397,24/11/2016
2397,14/02/2017
2398,05/11/2016
2398,06/01/2017
2398,25/01/2017
2398,31/01/2017
2401,20/02/2017
2403,03/07/2016
2403,14/07/2016
2403,22/10/2016
2403,04/11/2016
2403,13/11/2016
2403,13/12/2016
2403,31/12/2016
2403,30/03/2017
2404,28/07/2016
2404,08/10/2016
2404,03/12/2016
2404,23/01/2017
2406,06/08/2016
2406,31/08/2016
2406,03/11/2016
2406,17/11/2016
2406,20/12/2016
2406,15/02/2017
2406,23/02/2017
2407,05/12/2016
2408,11/09/2016
2408,20/09/2016
2409,11/05/2016
2409,07/06/2016
2409,28/08/2016
2409,11/10/2016
2409,30/11/2016
2410,02/12/2016
2410,13/01/2017
2410,19/01/2017
2413,07/02/2017
2414,04/11/2016
2416,16/11/2016
2416,15/12/2016
2416,23/12/2016
2418,08/04/2016
2419,04/05/2016
2419,03/08/2016
2419,27/03/2017
2420,04/10/2016
2420,03/11/2016
2420,26/11/2016
2420,13/02/2017
2421,04/11/2016
2421,25/11/2016
2422,17/05/2016
2422,11/11/2016
2422,29/01/2017
2423,09/07/2016
2423,13/07/2016
2423,24/07/2016
2423,10/08/2016
2423,11/08/2016
2423,11/08/2016
2423,24/08/2016
2423,07/09/2016
2423,07/09/2016
2423,14/09/2016
2423,19/09/2016
2423,27/11/2016
2423,29/11/2016
2423,07/12/2016
2423,12/12/2016
2423,11/02/2017
2423,20/02/2017
2424,10/01/2017
2424,14/03/2017
2425,10/08/2016
2425,12/11/2016
2425,27/01/2017
2425,28/01/2017
2425,02/02/2017
2425,08/02/2017
2425,09/02/2017
2426,06/12/2016
2426,06/12/2016
2427,24/06/2016
2427,30/06/2016
2427,04/07/2016
2427,03/12/2016
2427,12/01/2017
2427,13/01/2017
2427,10/02/2017
2428,06/09/2016
2428,14/10/2016
2431,21/09/2016
2431,21/01/2017
2431,26/01/2017
2431,09/02/2017
2431,02/03/2017
